,artist_name,track_name,track_id,popularity
0,Adele,Easy On Me,0gplL1WMoJ6iYaPgMCL0gX,100
1,Mr.Kitty,Years - 2021 Remaster,4S4ZY1yKo3WUtzsg3O6hcf,20
2,Taylor Swift,All Too Well (10 Minute Version) (Taylor's Version) (From The Vault),5enxwA8aAbwZbf5qCHORXi,95
3,Elvis Costello & The Attractions,Pump It Up - 2021 Remaster,3oyc1mIdCBGaU55wX7otqM,63
4,Lil Nas X,INDUSTRY BABY (feat. Jack Harlow),27NovPIUIRrOZoCHxABJwK,97
5,J.K.,Year 2021,4trDNqHFg6hfx8w9uni7lY,0
6,The Kid LAROI,STAY (with Justin Bieber),5HCyWlXZPP0y6Gqq8TgA20,98
7,Schoolgirl Byebye,"Year,2015",0UsmyJDsst2xhX1ZiFF3JW,25
8,Drake,Knife Talk (with 21 Savage ft. Project Pat),2BcMwX1MPV6ZHP4tUT9uq6,91
9,Rod Stewart,What Are You Doing New Year's Eve?,4oQrsGX1p0Ntxi8tGeINlB,1
10,Drake,Way 2 Sexy (with Future & Young Thug),0k1WUmIRnG3xU6fvvDVfRG,91
11,yt music,Year 2021,0DBlFmx6wmnuoLaAl7hfew,0
12,Olivia Rodrigo,good 4 u,4ZtFanR9U6ndgddUvNcjcG,95
13,MrDotLegend,"Break the Law Year 2021, Vol. 1",2Uuiv9AEPBuPirbxixUzlZ,0
14,NEIKED,Better Days (NEIKED x Mae Muller x Polo G),6f5ExP43esnvdKPddwKXJH,91
15,Topic,Breaking Me,0OEc3VKZNPV31nmRkJYVE5,1
16,Doja Cat,Need to Know,3Vi5XqYrmQgOYBajMWSvCi,93
17,Craze_Returned,Year 2021,65hIZYAYu3fxltrGK6frIn,0
18,Adele,Oh My God,3Kkjo3cT83cw09VJyrLNwX,93
19,Amaranta,Medley Picaflor de Los Andes - Live Streaming New Year 2021 Remastered,5PraiQQAIkl0xw6pSFVX5h,22
20,Doja Cat,Woman,6Uj1ctrBOjOas8xZXGqKk4,95
21,Armin van Buuren,A State Of Trance (ASOT 1044) - Pre-Order now: A State Of Trance Year Mix 2021,4gd0LVVhfbTyxCyABzj80T,39
22,Post Malone,One Right Now (with The Weeknd),00Blm7zeNqgYLPtW6zg8cj,93
23,Duck,Year 2021,4cdcFyEEr2g74eM9m8XohF,0
24,Bruno Mars,Smokin Out The Window,4iN16F8JtVxG2UTzp3avGl,90
25,Amaranta,Mix de Huaylas - Live Streaming audio and video New Year 2021 remasterized,5Sr84YP8kcuQrT8RRtaNlO,22
26,Billie Eilish,Happier Than Ever,4RVwu0g32PAqgUiJoXsdF8,94
27,Elvis Costello & The Attractions,"Radio, Radio - 2021 Remaster",0qvo5kciIqZJn1t8jdfqDn,47
28,Lil Nas X,THATS WHAT I WANT,0e8nrvls4Qqv5Rfa2UhqmO,94
29,Arnold Onea,YEAR 2021,1tSKyM7Sl77WBCp0Ha9mUi,0
30,Olivia Rodrigo,traitor,5CZ40GBx1sQ9agT82CLQCT,92
31,Lipps Inc.,Funkytown - Single Version,3tyHOaSBaHsFjIOzm6k8Pr,53
32,Elton John,Cold Heart - PNAU Remix,6zSpb8dQRaw0M1dK8PBwQz,96
33,Beegie Adair,What Are You Doing New Year's Eve - Jazz Piano Christmas Album Version,2Gq9SnYpzrxUBXIMm7MOMc,0
34,Drake,Fair Trade (with Travis Scott),40iJIUlhi6renaREYGeIDS,90
35,Rhys Lewis,This Time Of Year,1Fwn2YLhzCuSAgMCQmhGhk,0
36,GAYLE,abcdefu,4fouWK6XVHhzl78KzQ1UjL,94
37,Fred again..,Kahan (Last Year),3IGsYYUDb4PrfrsP5tmjHd,53
38,Baby Keem,family ties (with Kendrick Lamar),7Bpx2vsWfQFBACRz4h3IqH,86
39,Elvis Costello & The Attractions,The Beat - 2021 Remaster,1bqlDsBlBPxjK0zuFQcSXq,43
40,Juice WRLD,Already Dead,7qM1BWAsZMTYh4BcYLb0uQ,88
41,LOVA,Happy New Year,4PO0LMUDFHZ9W9iYvBXECF,2
42,Nardo Wick,"Who Want Smoke?? (feat. G Herbo, Lil Durk & 21 Savage)",4yNoUQkYf1QF8iYlEzNynH,85
43,LOVA,Happy New Year,5UK2fbsGbTSQYCef96tDAG,0
44,Imagine Dragons,Enemy (with JID) - from the series Arcane League of Legends,1r9xUipOqoNwggBpENDsvJ,95
45,LOVA,Happy New Year,645oMRZVfCuS4oCl5bCkLh,3
46,Ed Sheeran,Shivers,50nfwKoDiSYg8zOCREWAm5,94
47,Il Volo,"Christmas Medley: Jingle Bells Rock / Let It Snow, Let It Snow, Let It Snow / It's The Most Wonderful Time Of The Year",34lE9xWYmBKsUnvvm5jNmJ,0
48,Doja Cat,Kiss Me More (feat. SZA),748mdHapucXQri7IAO8yFK,91
49,Elvis Costello & The Attractions,(I Don't Want To Go To) Chelsea - 2021 Remaster,7uYyLVNjKY49L8o3AouXZd,43
50,Kanye West,Praise God,0WSEq9Ko4kFPt8yo3ICd6T,89
51,Elvis Costello & The Attractions,This Year's Girl - 2021 Remaster,1fdZTOJXydtRzCwBbHlJco,38
52,Farruko,Pepas,5fwSHlTEWpluwOM0Sxnh5k,95
53,Nancy Wilson,What Are You Doing New Year's Eve? - Remastered 1995,0x1pfUlBK5GudTCOssDqca,0
54,Adele,Can I Get It,6w8ZPYdnGajyfPddTWdthN,90
55,Saliva,After Me - 2021 Version,5BJs3aDrKYBRkzrhaVxf89,39
56,Drake,Wants and Needs (feat. Lil Baby),65OVbaJR5O1RmwOQx0875b,85
57,Elvis Costello & The Attractions,No Action - 2021 Remaster,2GFakdGflCFgwFrJfZkvzK,34
58,Surf Curse,Freaks,7EkWXAI1wn8Ii883ecd9xr,89
59,Rod Stewart,What Are You Doing New Year's Eve?,6ezuSFl2RsptFG7hyZLWVT,48
60,Polo G,Bad Man (Smooth Criminal),6RfhBNU1FPWTG7VESlfgOl,85
61,Elvis Costello & The Attractions,Lipstick Vogue - 2021 Remaster,2PiNhvEBruOkFZ4g4IwtXo,33
62,Olivia Rodrigo,drivers license,5wANPM4fQCJwkGd4rN57mH,91
63,Armin van Buuren,A State Of Trance (ASOT 1043) - A State Of Trance Year Mix 2021,31h6vbdVjoA5ClIQGDXV1r,39
64,Olivia Rodrigo,deja vu,6HU7h9RYOaPRFeh0R3UeAr,89
65,Elvis Costello & The Attractions,Lip Service - 2021 Remaster,23acMIboTpqnM5kueS7GV8,30
66,Sleepy Hallow,2055,4XvcHTUfIlWfyJTRG0aqlo,87
67,Elvis Costello & The Attractions,Little Triggers - 2021 Remaster,2N8YyefuTvFIbgCiCYoXVU,30
68,Adele,My Little Love,2DuPBbS5mIldXnh7Wum8Cy,89
69,Elvis Costello & The Attractions,You Belong To Me - 2021 Remaster,7LjcmjjxyEumIx8AOBVUij,30
70,Taylor Swift,Nothing New (feat. Phoebe Bridgers) (Taylor’s Version) (From The Vault),01K4zKU104LyJ8gMb7227B,86
71,Saliva,Spyhunter - 2021 Version,646K2dKvCr8Nqy3XaSRHHM,29
72,Swedish House Mafia,Moth To A Flame (with The Weeknd),2gpWyfu7eZ01zzncHpxOtA,93
73,Elvis Costello & The Attractions,Living In Paradise - 2021 Remaster,3EWaYA9cYxeUHMaDMWqi0K,29
74,Drake,Girls Want Girls (with Lil Baby),37Nqx7iavZpotJSDXZWbJ3,87
75,Elvis Costello & The Attractions,Hand In Hand - 2021 Remaster,0U9ZdBYiBK6pstkX5e70Yj,29
76,Doja Cat,Get Into It (Yuh),0W6I02J9xcqK8MtSeosEXb,88
77,Lika Morgan,IQ Doesn't Matter,4hHXobx3UlSsAYsFBEHKDL,0
78,Taylor Swift,Red (Taylor's Version),4OAuvHryIVv4kMDNSLuPt6,87
79,Lika Morgan,All That She Wants,5ijKW7XFTgiRsqc5Af9sVz,0
80,Travis Scott,ESCAPE PLAN,4R67rQNSbbsR4TdUVOIdez,88
81,Project 86,This Time of Year,6ofgV2a74qMSmoQohewUU6,22
82,Adele,Easy On Me,46IZ0fSY2mpAiktS3KOqds,91
83,Calippo,My Everything,2VDNei6NMhXIc69OK8jKIh,0
84,LISA,MONEY,7hU3IHwjX150XLoTVmjD0q,92
85,Calippo,Somebody Else,7faiWXEGxwiuv4YqmF8OJv,0
86,Oliver Tree,Life Goes On,0eu4C55hL6x29mmeAjytzC,93
87,Mark Diamond,This Year,4RUUhpUfFD4XEov7QLJvlW,1
88,Doja Cat,You Right,0k4d5YPDr1r7FX77VdqWez,88
89,Funcc.,Somewhere,4oZOPr3QEHpJf1Vj6PngLm,31
90,Lil Nas X,MONTERO (Call Me By Your Name),1SC5rEoYDGUK4NfG82494W,91
91,Saliva,Spoonman - 2021 Version,3psaFVjImZJfCvanJ3mlZA,26
92,Adele,I Drink Wine,6v0UJD4a2FtleHeSYVX02A,89
93,Elvis Costello & The Attractions,Night Rally - 2021 Remaster,53ZWOGMHGZFbp55aTbesUs,27
94,Cochise,Tell Em,7nc7mlSdWYeFom84zZ8Wr8,86
95,Incognito,You Are In My System,2kSStoNv9O3SLvOXebvuVt,38
96,Taylor Swift,I Bet You Think About Me (feat. Chris Stapleton) (Taylor’s Version) (From The Vault),4CkgMiMqZ5JzW9iYXSTMTL,85
97,U2,"New Year's Day - Live From Red Rocks Amphitheatre, Colorado, USA / 1983 / Remastered 2021",6tBQZFVP2nvhUfc6gMQjF0,35
98,Walker Hayes,Fancy Like,3ZozFqJJlDBNIm4xqxn2ZD,83
99,Elvis Costello & The Attractions,Big Tears - 2021 Remaster,4xmvEwNnNbc49rPVMxG5tS,25
100,Taylor Swift,All Too Well (Taylor's Version),3nsfB1vus2qaloUdcBZvDu,87
101,Me & My Toothbrush,We Want Our Clubs Back,3VxspHzlyCZ9oWxXACwIYN,0
102,Coldplay,My Universe,3FeVmId7tL5YN8B7R3imoM,94
103,Me & My Toothbrush,I Take What's Mine,7nkf4LTYIxomtDq20gPbUa,0
104,Amaarae,SAD GIRLZ LUV MONEY Remix (feat. Kali Uchis and Moliy),15HMh4yxdf4wyxSZSlOgGZ,91
105,Klaus Doldinger,Das Boot - 2021 Remastered,64bt6qmrxlfzPean113phZ,27
106,The Weeknd,Save Your Tears (with Ariana Grande) (Remix),37BZB0z9T8Xu7U3e65qxFy,91
107,David Bowie,Seven Years In Tibet - 2021 Remaster,1YLR3jawITmnQB0DGHTAFg,29
108,Doja Cat,Ain't Shit,5lAnYvAIkSDNXqfo7DyFUm,86
109,Lady Gaga,Poker Face,4liFTpYparE2zEUp2GfG64,30
110,Ed Sheeran,Bad Habits,3rmo8F54jFF8OgYsqTxm5d,93
111,Funcc.,Guilt,5uMnRbSAnanjzB6o8M1moT,29
112,Bad Bunny,Yonaguni,2JPLbjOn0wPCngEot2STUS,93
113,Dear Jane,二十年後的歌 - Live,3scI2v9N2ZYXKig8mXLbNI,28
114,Young Thug,Bubbly (with Drake & Travis Scott),4KDNRh9Oor80z3XIxdWlui,83
115,Saliva,Your Disease - 2021 Version,25DAo7YTKFqdyxQftKF0Oe,23
116,Justin Bieber,Peaches (feat. Daniel Caesar & Giveon),4iJyoBOLtHqaGxP12qzhQI,91
117,Saliva,Click Click Boom - 2021 Version,1pMPy92XESaLhqRq0Lr0n6,23
118,Summer Walker,No Love (with SZA),08SB2OtZkaliju77WYEKxk,84
119,Simon Fava,Bailar Riddim,2rKhkozR28dLiahK4kGHsb,0
120,Polo G,RAPSTAR,43PGPuHIlVOc04jrZVh9L6,84
121,The Stephen Kummer Trio,It's The Most Wonderful Time Of The Year,6hx98Jg3gWkHt7v4J6FtCX,0
122,Ivan Cornejo,Está Dañada,6G2xXQRSZlEzYsUEb3uvuR,85
123,Saliva,Greater Than/Less Than - 2021 Version,3AXH7PCgnMVIlafuRAMhdL,22
124,Tainy,Lo Siento BB:/ (with Bad Bunny & Julieta Venegas),4gzsuuZypVbxs0Af1LSZyB,93
125,Incognito,Feels So Good,00nPra9wgQ7D3hW8lErO8a,35
126,Gunna,Too Easy,4eL3XeuGaEoVT8ttDh3hwY,83
127,ChuggaBoom,14 Year Olds Have More Sex Than Me (2021),5Mk5vb054ESVRadYxkuQZP,20
128,Olivia Rodrigo,favorite crime,5JCoSi02qi3jJeHdZXMmR8,87
129,Passenger 10,Well Tempered - Extended Mix,7ACmYxnxW9zstsU151Sx3B,0
130,Adele,Strangers By Nature,13CVSGLSFl4UxpDVR6u3dq,87
131,The National,29 Years - 2021 Remaster,7BeCxon082GMTXsHjzx7MS,19
132,Adele,Cry Your Heart Out,09u787BYeYIGd2mFIJ505t,87
133,David Bowie,Seven Years In Tibet (Edit) - 2021 Remaster,7rWlxS71SoOgbMXxHmyDnV,24
134,Taylor Swift,Wildest Dreams (Taylor's Version),1Ov37jtRQ2YNAe8HzfczkL,87
135,KOAN Sound,Trouble in the West - 2021 Remaster,010tkqiFvKNXDfuV786RRo,20
136,Lil Nas X,INDUSTRY BABY (feat. Jack Harlow),5Z9KJZvQzH6PFmb8SNkxuk,91
137,Mabel,Loneliest Time Of Year,4c1SxhFiLbmXojpCnPe3To,18
138,Adele,To Be Loved,10ImcQk9tihY1EKMDIbvXJ,87
139,BigYear大年,她不是,0VK0IU02R19zSL4XoXEpR2,27
140,Bruno Mars,Leave The Door Open,7MAibcTli4IisCtbHKrGMh,88
141,David Bowie,A Fleeting Moment (aka Seven Years In Tibet - Mandarin Version) - 2021 Remaster,774q3BuJuUowmliQDee077,24
142,Billie Eilish,Happier Than Ever - Edit,32BeYxKPrig1LefHsC0Xuo,88
143,The Chieftains,Brian Boru's March - Remastered 2021,0B4OZbYjxmDPi3Ar5lRim8,19
144,24kGoldn,Mood (feat. iann dior),4jPy3l0RUwlUI9T5XHBW2m,89
145,Jack Trades,Lost - Late Night Mix,3Uh3ctq2KjzqFcHBjt62QN,1
146,Kanye West,Hurricane,6Hfu9sc7jvv6coyy2LlzBF,85
147,The Chieftains,The Chattering Magpie - Remastered 2021,06ixRUTD81oiLn07stq9pW,18
148,Taylor Swift,State Of Grace (Taylor's Version),6lzc0Al0zfZOIFsFvBS1ki,84
149,Daniel Portman,Odyssey,2MOBlvo8uvcVBIdu0HRghS,0
150,Jordan Davis,Buy Dirt,69AIpwGNLxr4qS1X5ynx60,80
151,No.1 Station,In a Dance - Remastered 2021,0Oq1qJtp28gulZR3lQ5tKI,27
152,ACRAZE,Do It To It,20on25jryn53hWghthWWW3,93
153,Peaceful Autumn Instrumental Jazz,Friendly New Years Resolutions,0L4TNsqjUesPdoz6HwY1s1,13
154,BoyWithUke,Toxic,2gQPv5jvVPqU2a9HhMNO1v,91
155,Andy Williams,It's the Most Wonderful Time of the Year,30qnwTNPQo8XDwesI2sT7m,26
156,Benson Boone,GHOST TOWN,135Lf4Q0CzlMNfOxbEUsLH,88
157,The Chieftains,"The Morning Dew - Live At Massey Hall, Toronto, 1976 / Remastered 2021",7hZrjZ9bZtG22neuEOjnSB,19
158,Meek Mill,Sharing Locations (feat. Lil Baby & Lil Durk),3J4VKkUpLvomXJbn9ZAypO,81
159,Elvis Costello & The Attractions,This Year's Girl - 2021 Remaster,6kXrnO4SUQCduZcbmlderz,13
160,Adele,All Night Parking (with Erroll Garner) Interlude,496vIKS2INz840xZaKncvR,86
161,Crucial Dudes,"Boom, Roasted (2021 Remaster)",2QRua8VZhbsHs5rPqXUxL6,13
162,Olivia Rodrigo,happier,2tGvwE8GcFKwNdAXMnlbfl,88
163,The Chieftains,The McCarthy Theme / The Wandering - Remastered 2021,7LDzP1CLnQxv3jUJQz4ecC,16
164,Morgan Wallen,Wasted On You,3cBsEDNhFI9E82vPj3kvi3,79
165,Crucial Dudes,Doubt (2021 Remaster),2jR8DJ2Fw4zajCym6cjiik,13
166,Lil Tecca,LOT OF ME,2ZXxRC6V6AXzMdbLQZMHSB,82
167,Christina Perri,A Thousand Years,4TcnMCz0d27SsDNihYqFxW,20
168,Taylor Swift,The Very First Night (Taylor's Version) (From The Vault),6pYNq0ZwpPVazKzsqpf0G8,83
169,KOAN Sound,Mr Brown - 2021 Remaster,4lAohj2eZlfaorBypduwUp,19
170,Drake,Champagne Poetry,2HSmyk2qMN8WQjuGhaQgCk,83
171,Elvis Costello & The Attractions,Tiny Steps - 2021 Remaster,1JktNrf6tKLJn69Vu7wjfa,14
172,Taylor Swift,Message In A Bottle (Taylor's Version) (From The Vault),3z6XUommYDWPHeFhmhhT6j,84
173,LoFi Fruits,Dreaming Fruits,6O4n5ZJgOFPGlJSzOtPMtz,20
174,The Kid LAROI,STAY (with Justin Bieber),5PjdY0CKGZdEuoNab3yDmX,92
175,Countdown Singers,It's the Most Wonderful Time of The Year,2itL4oMJd6CrlDaWHVcloY,0
176,Kanye West,Moon,7CC6UbCs4iGsePSzFxYxNn,83
177,KOAN Sound,Max Out - 2021 Remaster,0D4QsjlrsW95BVQuKDk9Nb,16
178,Olivia Rodrigo,brutal,6SRsiMl7w1USE4mFqrOhHC,85
179,Yunginky,2021,0xUAbAov8hiYihtJ8kVsMH,10
180,Olivia Rodrigo,"jealousy, jealousy",0MMyJUC3WNnFS1lit5pTjk,87
181,Yello,Blender - Re-Touched 2021,5TCngtrmHsNnoqnkfx4NnM,29
182,Taylor Swift,I Knew You Were Trouble (Taylor's Version),6AtZLIzUINvExIUy4QhdjP,84
183,The Holiday Music Guys,It's the Most Wonderful Time of the Year,2EqL5b8x4upbsH3t4SmuP8,12
184,Lil Tjay,Calling My Phone,3J8EOeKLTLXORtWPpOU5bE,85
185,The Chieftains,Drowsy Maggie - Remastered 2021,6G8u5gYpMLkSbAAHyI7mA7,15
186,Aventura,Volví,2vmfvSoZBFAt9hhRoEByLi,92
187,Elvis Costello & The Attractions,No Action - 2021 Remaster,1Pb10yo57wXfoJZemj5qM4,13
188,Taylor Swift,Run (feat. Ed Sheeran) (Taylor’s Version) (From The Vault),4IQkfUsrwXol38VV3U7t7T,85
189,The Chieftains,The French March - Remastered 2021,57a5zZ5OBcDSvw8E7332hL,15
190,Travis Scott,MAFIA,08F16baYbciTva9P4BvpiI,84
191,The Chieftains,The Timpán Reel - Remastered 2021,4T1NU6JRAQPmi8hxDlE4Pf,15
192,Trippie Redd,Rich MF (feat. Polo G & Lil Durk),6cUHiQEECDl5m3WFGQ1GCR,81
193,DJ CLINGO SLIDE,Rubish,0u7vHkZJtxjSP65kf0yZOA,12
194,Adele,Woman Like Me,2c6xRsQBv7pynuhYhWoHxo,85
195,Crucial Dudes,Through Being Crucial (2021 Remaster),1jwmYI1kdJGRfbwrHP8eqh,11
196,Adele,Hold On,6bGMSP3H9YqkmaLnaJTIoF,86
197,Elvis Costello & The Attractions,Crawling To The U.S.A. - 2021 Remaster,3dh6dp9NXs779fQ08qHXZc,13
198,Marshmello,Leave Before You Love Me (with Jonas Brothers),4qu63nuBpdn0qHUHuObEj1,88
199,Crucial Dudes,Contour (2021 Remaster),3LglxOQujArGqNayVJfQxd,11
200,Drake,No Friends In The Industry,2tUL6dZf1mywCj5WvCPZw6,82
201,Crucial Dudes,"Mt. Chill, You're Climbin' (2021 Remaster)",7zXnceW3kadhsi095get1f,11
202,Doja Cat,Kiss Me More (feat. SZA),3DarAbFujv6eYNliUTyqtz,87
203,Elvis Costello & The Attractions,Pump It Up - 2021 Remaster,6vEPVbqE9Ggz52TSa3WgGL,13
204,NLE Choppa,Jumpin (feat. Polo G),1z7LV5wkExwW8YJk0IrPUA,81
205,Crucial Dudes,"Small, Bent and Ugly (2021 Remaster)",5uFXoQPmuYVkwC8fgEt44Y,11
206,Taylor Swift,Treacherous (Taylor's Version),3S7HNKPakdwNEBFIVTL6dZ,83
207,Incognito,Port Louis,0cjfKB3cMrteDIluAcXSYE,26
208,Taylor Swift,Better Man (Taylor's Version) (From The Vault),4OmFmE0fzcMG6g0Y8p4eSD,82
209,Sabrina Carpenter,Christmas the Whole Year Round,3fBD5foUb9XOP77TclP03b,15
210,DJ Khaled,EVERY CHANCE I GET (feat. Lil Baby & Lil Durk),1EJIcDYXwSqipW5dFe4uJz,80
211,Crucial Dudes,61 Penn (2021 Remaster),38p68a1uPsCjLp0t4nJ4HC,11
212,Juice WRLD,Wandered To LA (with Justin Bieber),5J6rTmMjF9DVIAF8G3M9n4,80
213,The Chieftains,Mná Na hÉireann - Remastered 2021,5rzTDO3MhMb3eC4T2T9sKv,14
214,Post Malone,Motley Crew,40uMIn2zJLAQhNXghRjBed,84
215,Elvis Costello & The Attractions,(I Don't Want To Go To) Chelsea - 2021 Remaster,1efiu11ae75jylGYzXI4eG,12
216,Chlöe,Have Mercy,5SixeLvPsYpk7qq9lo5xYg,84
217,Antonio Giacca,One Man Down,29QQFuMzGhkoW1T2ZJObQf,0
218,J. Cole,m y . l i f e (with 21 Savage & Morray),1D3z6HTiQsNmZxjl7F7eoG,81
219,Robert Burian,Wasting My Time,7M7iTYQS4WvW0Kyz4mvjcK,0
220,Taylor Swift,22 (Taylor's Version),3yII7UwgLF6K5zW3xad3MP,83
221,Elvis Costello & The Attractions,The Beat - 2021 Remaster,2yT7eT3OU8de4QJaVB1HO1,12
222,"Tyler, The Creator",WUSYANAME (feat. Youngboy Never Broke Again & Ty Dolla $ign),5B0kgjHULYJhAQkK5XsMoC,81
223,Crucial Dudes,On Leaving (2021 Remaster),2kCQ6uef9ZZPttWLsoJqP9,10
224,SZA,I Hate U,5dXWFMwD7I7zXsInONVl0H,81
225,Crucial Dudes,Mad Nice (2021 Remaster),0CxuwJN14HAmT719aiTq4G,10
226,Ed Sheeran,Shivers,75MNhvTCCKsST3YqqUiU9r,90
227,KOAN Sound,One Hand Clap - 2021 Remaster,2PAz7SyA7qbCuupnYgs11G,14
228,Trippie Redd,Miss The Rage (feat. Playboi Carti),2BITQ360Knh6qNAOqR7Dyq,82
229,The Chieftains,The Boyne Hunt / The Mullingar Races / The Five-Mile Chase (Reels) - Remastered 2021,2w7JECDz8MHhas44XFKMGV,14
230,Morgan Wallen,Sand In My Boots,0uRrG2jRR5tuifsYIJHEao,78
231,Elvis Costello & The Attractions,Green Shirt - Demo Version,6L3erBPaPgMQ5ZZmlgxrFx,14
232,Adele,Love Is A Game,2j3GxEsbNYNeEzz86wDY4J,85
233,Rhys Lewis,This Time Of Year,4VFhpcS64trXhYM2Dsk52s,13
234,BTS,Butter,2bgTY4UwhfBYhGT4HUYStN,91
235,The Chieftains,Tom Billy's / The Road To Lisdoonvarna / The Merry Sisters (reels) - Remastered 2021,2JfOfuZwcwPBNvp5AS74le,14
236,Justin Bieber,Ghost,6I3mqTwhRpn34SLVafSH7G,89
237,The Chieftains,Cotton-Eyed Joe - Remastered 2021,1qa9ODMtOgxt7Jyj63Qwl7,13
238,Clinton Kane,I GUESS I'M IN LOVE,1is8gU4RVcN4J8xItxWoOY,87
239,Incognito,Always There,1f6fbCd5AIQcFpI9UZQDXN,21
240,Megan Thee Stallion,Thot Shit,5zNW5ARjYhJQJz1AChP33n,81
241,Florida Georgia Line,Lit This Year,0s2RgfRjfpjYcu2yLxvbAt,15
242,Ed Sheeran,Overpass Graffiti,4btFHqumCO31GksfuBLLv3,90
243,Crucial Dudes,Give 'Em The Howard (2021 Remaster),6K2Cn9xFxBipDdruwokCrN,10
244,Kanye West,Off The Grid,6LNoArVBBVZzUTUiAX2aKO,82
245,Incognito,Spellbound And Speechless - Radio Edit / 2021 Mix,6g0dEaTSkf73IEDAA5sLYa,19
246,ROSALÍA,LA FAMA (with The Weeknd),6dmXZ9B5HdFAyzHeTneYBK,89
247,Elvis Costello & The Attractions,Lip Service - 2021 Remaster,1suGnPf11meAqpD9nbsml9,10
248,J. Cole,p r i d e . i s . t h e . d e v i l (with Lil Baby),5W8jRrZ6tWrTrqnKRtIQBf,81
249,Elvis Costello & The Attractions,Little Triggers - 2021 Remaster,6wLz4C5l027ucxoJzjJBY6,11
250,Taylor Swift,Christmas Tree Farm,4NCHc92z5IWBMfMMHsXqXm,0
251,Elvis Costello & The Attractions,Hand In Hand - 2021 Remaster,3yu8R0Anov0faNHKKHiIxy,11
252,Taylor Swift,Love Story (Taylor’s Version),38LdbcttXn03U3MI868Pkk,0
253,Cameo Bobo,2021 Is My Year,0lb12AXahSi5OzHmp2zdCd,7
254,Taylor Swift,You Belong With Me (Taylor’s Version),2d4OKLeJnJzHYerKMLyuEN,0
255,İstanbul Music Box,New Year Set 2021 - Live,7LfAAZglqU2E2L7GhGyc1u,14
256,Taylor Swift,Christmas Tree Farm,47iSC2yb9M0e5S1Y4mgsJu,0
257,Elvis Costello,This Year's Girl - Alternate Version,17VeziHbA7TuvzyxLx7RpB,10
258,Taylor Swift,cardigan,5EGi1AfDTT7FvsQmISumga,0
259,Elvis Costello & The Attractions,"Radio, Radio - 2021 Remaster",3TnRlM3QWB5nJy5r5iKXm1,9
260,Joyner Lucas,Your Heart,2DTpP3caqX3QdJIEoS83mD,80
261,Elvis Costello & The Attractions,Lipstick Vogue - 2021 Remaster,2GJdDSAfbB5FsTOTzA2Dw0,10
262,Tate McRae,feel like shit,2EBnvom1dTybtm75a3Xh1T,85
263,The Chieftains,Ceol Bhriotánach - Remastered 2021,4ErCP2FHXIvV9kt5Rds0sg,12
264,Taylor Swift,We Are Never Ever Getting Back Together (Taylor's Version),5YqltLsjdqFtvqE7Nrysvs,83
265,Years & Years,If You're Over Me,3PvBYnxGQIFlywSYZ70nQ7,22
266,Taylor Swift,I Almost Do (Taylor's Version),2r9CbjYgFhtAmcFv1cSquB,82
267,Elvis Costello,Running Out Of Angels - Demo Version,7Iqww8yqJnrvkNdyvKoHg9,12
268,CKay,love nwantiti (feat. Dj Yo! & AX'EL) - Remix,4gvrJnKCKIPiacNsWVQwEU,94
269,Incognito,Still A Friend Of Mine,3FLibhlx6qnF807b9GoQIo,23
270,Giveon,For Tonight,61Emqg95O9zo1GNOcyxq4Y,82
271,Elvis Costello & The Attractions,You Belong To Me - 2021 Remaster,2vqIUx4KM4Pa7aK8PP7PRD,11
272,Taylor Swift,Babe (Taylor's Version) (From The Vault),0v4z1tuZvn6LGknom9Qx7d,81
273,Incognito,I Hear Your Name,7fD1USx9hdQWMQlJSbyDVC,22
274,Maroon 5,Beautiful Mistakes (feat. Megan Thee Stallion),5zFglKYiknIxks8geR8rcL,85
275,The Chieftains,"Carrickfergus - Live At Symphony Hall, Boston, 1976 / Remastered 2021",7erKwvt6cxsghoYPdsxCzg,11
276,Lil Nas X,MONTERO (Call Me By Your Name),67BtfxlNbhBmCDR2L2l8qd,88
277,The Chieftains,An Faire - Remastered 2021,2Xv2W1eXxDX6yYXRoRMF8q,10
278,Taylor Swift,The Last Time (feat. Gary Lightbody of Snow Patrol) (Taylor’s Version),0y6kdSRCVQhSsHSpWvTUm7,81
279,The Chieftains,Scéal Na gCapall - Remastered 2021,0rzXH1GHLkaVluUQm8T81s,11
280,Key Glock,Ambition For Cash,1tkipCYkIgti8f1tqjfcWe,79
281,Incognito,Deep Waters,0UxKn4wMcChYsArrffUdWF,22
282,Morgan Wallen,More Than My Hometown,5OELUCYgOHKFAvCERnAvfS,77
283,Incognito,Don't You Worry 'Bout A Thing,67oKpoAXWBrPblNLT879Uz,23
284,Dustin Lynch,Thinking 'Bout You (feat. MacKenzie Porter),7DhvNzyMM8jJWcfykG3psB,78
285,Johann Strauss II,"Frühlingsstimmen, Walzer, Op. 410",5zZbXSRIFe1uWNmEM7f2XI,30
286,Roddy Ricch,late at night,1fxYz1s15pyZLsJT0Hdh1m,81
287,Mabel,Loneliest Time Of Year,1OlAuA5lIiPk7bYfeCZBOz,12
288,Young Thug,Livin It Up (with Post Malone & A$AP Rocky),7zjEyeBsaw9gV0jofJLfOM,82
289,Martin Málek,A Thousand Years (with SuperStar 2021),266T4uP9uUQ1rpTlW0HrA0,14
290,DaBaby,Ball If I Want To,0cu0rhnlCnJ7JIeHRiLpj3,80
291,Al Stewart,"Year Of The Cat - [Live, WKDX, Chicago, 27 October 1978] [2021 Remaster]",1YcfNar0Pp5Ua77r1Pfl1E,11
292,Jason Aldean,If I Didn't Love You,5f3MXmTmstozFg0BH1yPUk,78
293,Gary LeVox,Christmas Will Be Different This Year,3X1XyIOVS6OlBpY0rQ0Y1O,12
294,Taylor Swift,Everything Has Changed (feat. Ed Sheeran) (Taylor’s Version),7qEUFOVcxRI19tbT68JcYK,81
295,Alesso,Years,2dx3YV0AhsygULQ2ojYVq0,40
296,Lil Tjay,Not In The Mood (feat. Fivio Foreign & Kay Flock),25GyyK9CyZRiDCsPY51fIT,81
297,Shin Giwon Piano,It's The Most Wonderful Time Of The Year,0sD1oNjnN6pK1hWtQ1TyIR,23
298,Baby Keem,family ties (with Kendrick Lamar),3QFInJAm9eyaho5vBzxInN,79
299,Lory DJ,Last Christmas (feat. Guax) - Radio Mix,4bEC2NJWkql69OUmSMWedF,12
300,Lil Tjay,Headshot (feat. Polo G & Fivio Foreign),4eNOLmx8r2IJAVKvBBL1jv,80
301,Funcc.,i still remember toronto,5jNWFTEa6WYX04E5XRgSVt,15
302,Taylor Swift,Stay Stay Stay (Taylor's Version),7eQj6r5PIdYKEIZjucBMcq,81
303,Elvis Costello & The Attractions,Living In Paradise - 2021 Remaster,6NEXLsJqie5XlZucXtiwxO,9
304,Taylor Swift,Forever Winter (Taylor's Version) (From The Vault),3oGVx9RBmiYGv5ZCecWLkx,81
305,Incognito,Everyday,2NgWsGPFYG7M30NrdaZuq6,21
306,Tiësto,Don't Be Shy,0bI7K9Becu2dtXK1Q3cZNB,91
307,Elvis Costello & The Attractions,Big Boys - Demo Version,46KOXad0Wr1G3JfvIHR1s1,11
308,Rod Wave,By Your Side,2AaJeBEq3WLcfFW1y8svDf,77
309,Mabel,Loneliest Time Of Year,3osvMCYHcHhnm8ExHx0KtE,10
310,Masked Wolf,Astronaut In The Ocean,3Ofmpyhv5UAQ70mENzB277,85
311,The Chieftains,An Comhra Donn / Murphy’s Hornpipe (Hornpipes) - Remastered 2021,4zJRT6Uhnoyg6x4xkOyooC,11
312,Morgan Wallen,Cover Me Up,0mKnuxVkPi5h0kuvZl44VM,77
313,Titobeats,Happy New Year 2021 - Instrumental,05l9VYIDq7lYaAw6HxQBVl,4
314,Cochise,POCKET ROCKET,1FKG2wgJ75wS9MFNVZFiWd,83
315,Incognito,A Shade Of Blue,41umkmGzinIZKvPreMXjuy,20
316,bbno$,edamame (feat. Rich Brian),1uMHCAyGmHqyygoNRuo7MV,86
317,Incognito,Out Of The Storm - Morales Radio Edit,6hwPZQxVLoulvSovqHz6RU,20
318,DaBaby,ROOF,1zwvbkUqTozLnmIECvBfgs,79
319,Idina Menzel,The Most Wonderful Time Of The Year,5dzAhna7L4hoGdrgjZY9WD,11
320,Polo G,RAPSTAR,18vXApRmJSgQ6wG2ll9AOg,80
321,Yello,Houdini - Re-Edited 2021,6tKD8SikTunrPyYloyNg6X,22
322,Taylor Swift,Holy Ground (Taylor's Version),7J4b3LVCIGO4CMBDFLPoP6,81
323,Yello,Night Train - Re-Edited 2021,1PnJPZpUCBZx1x2Lw6JVm8,23
324,Tai Verdes,A-O-K,1sx0XsWUusUoPstbvokZjP,75
325,Elvis Costello & The Attractions,Night Rally - 2021 Remaster,2y99Flw9sZmiYpWj2jjwLa,8
326,Saweetie,Best Friend (feat. Doja Cat),2etHQJxIbV0soyPhelVs9Y,81
327,Elvis Costello & The Attractions,Big Tears - 2021 Remaster,5zIXVqJifYPQrom15l3eI3,8
328,Kodak Black,Super Gremlin,4A8cWXxKfIL3lAyUDzXbCF,77
329,Incognito,Change - Bluey's Remix,4afIkXBZ1HhejlPEEYgqoI,20
330,Jack Harlow,SUVs (Black on Black),1MIGkQxcdAt2lDx6ySpsc5,79
331,Cowboys & Aliens,Simple Things - Live At Alcatraz 2021,3Wk4WSsfWiWtOgpWYApeK2,14
332,347aidan,MEMORIES!,27XMmSWSOXJ7eVb40tH93T,83
333,Funcc.,Another Life,1C9VpBEN2Jzmz2AH9NhnOA,14
334,Taylor Swift,Begin Again (Taylor's Version),05GsNucq8Bngd9fnd4fRa0,81
335,Lou Barlow,this will be our year,2QzIasRUcb7woee8DIOrjS,9
336,Drake,In The Bible (with Lil Durk & Giveon),61S79KIVA4I9FXbnsylEHT,82
337,Franz von Suppé,Fatinitza-Marsch,7v1zk76XQqz6F411INMEe3,23
338,Joyner Lucas,Ramen & OJ,4TIqzdAssasqx3DAe6cG9J,80
339,Idina Menzel,The Most Wonderful Time Of The Year,4uWaGvveWjVbw9XA8I7Zy1,8
340,CORPSE,HOT DEMON B!TCHES NEAR U ! ! !,7v4pPS4A7NgY7bxFA3Etv3,81
341,Incognito,Always There - David Morales Remix,2t1K4MjCvKdvVYnsepsvAW,20
342,Lil Tjay,Run It Up (feat. Offset & Moneybagg Yo),1dg3qy5DjoJodawfOCgrTP,82
343,Incognito,Roots (Back To A Way Of Life),57IFcil7Z7ADGD9ijRBzjR,20
344,Rvssian,Nostálgico,2BEcap3xJtmiPaHKyfQi4e,91
345,Incognito,Colibri,0YaL8elXBgjcCiGBe6TLVf,20
346,Tech N9ne,Face Off,6M47gaKejso9772SKTa3yH,83
347,Incognito,Nights Over Egypt - Masters At Work Main Mix,5PAEpAt4TRUvCho27TmVgA,24
348,Drake,What’s Next,3aQem4jVGdhtg116TmJnHz,80
349,K120,"It's Christmas, You Are 13 Years Old and Happy",4viQSBJ8rdw7ix4lHUYMKp,13
350,Måneskin,I WANNA BE YOUR SLAVE,4pt5fDVTg5GhEvEtlz9dKk,90
351,Eduardo McGregor,Fooled You,0OSDSo6SAKx0FzJLE7sxfD,11
352,Kane Brown,Memory,34chhNX59Wo9HMFCsI3K8Y,79
353,Nancy Wilson,What Are You Doing New Year's Eve? - Remastered 1995,0yNrrKsGb3qK5fSKoWRGfr,8
354,TWICE,The Feels,1XyzcGhmO7iUamSS94XfqY,87
355,Mysterious World Music,Beauty of the Lotus,1h7ZM2aWhaUBos7P0Fs0OJ,11
356,Only The Family,Hellcats & Trackhawks,53tv6ZbyeAwfAUwFaxYbfO,77
357,Elvis Costello & The Attractions,Neat Neat Neat - Live,7oXFYYpv2aJutzTEL7yfjM,9
358,Lizzo,Rumors (feat. Cardi B),6KgtcmCF9Ky68XC7ezxl3s,81
359,Elvis Costello & The Attractions,(The Angels Wanna Wear My) Red Shoes - Live,2pU165IKnVcDqrUxQCb5Ts,9
360,Luke Combs,Doin' This,4GyD3o5hWoyCuYpdlzZlRL,78
361,Elvis Costello & The Attractions,(I Don't Want To Go To) Chelsea - Alternate Version,29GRzDVEC3BMOlIt0GVtBO,10
362,Sleepy Hallow,2055,0mG6igzxbH55XRyq3ygEh8,82
363,Sunny,Treasured years - Mawexx Remix 2021,1Xfs3XkVnO57LFTqztRC2m,0
364,Justin Bieber,Ghost,5dPz35akJjPqb17yeqNwqH,85
365,Klaus Doldinger,Tatort - 2021 Remastered,7mxj72bkFOtNlPKaBwRrB4,14
366,Bruno Mars,Smokin Out The Window,6M4jdLdM7wLGungMV9gsCS,81
367,Incognito,Freedom Town - 2021 Mix,3NloAXSj9BmDGfr0KdEJXL,13
368,Taylor Swift,Come Back...Be Here (Taylor's Version),4pNApnaUWAL2J4KO2eqokq,80
369,Diana Ross,I'm Coming Out,3wMFPHRyD4AwoV3QvHJuoc,15
370,Emmy Meli,I AM WOMAN,3nOz1U41SZZ0N3fuUWr9nb,83
371,Incognito,Talkin' Loud,6ikwNx5A1zPx2UpjHIksIO,19
372,Olivia Rodrigo,enough for you,2TOzTqQXNmR2zDJXihjZ2e,82
373,Incognito,Givin' It Up - Roger Sanchez Uplifting Edit / Extended,5P0mL5CWiFW2k6JR0kIZ7W,19
374,Rauw Alejandro,Todo De Ti,4fSIb4hdOQ151TILNsSEaF,89
375,Rhys Lewis,This Time Of Year,0TDkBwegddP0ycgJaRmFBu,14
376,42 Dugg,4 Da Gang (with Roddy Ricch),1mAey8kEPmDM2icL56kS9d,77
377,Badshah,Jugnu,0R3eS8D2N2N4HH5fJ2mp87,23
378,Nio Garcia,AM Remix,05bfbizlM5AX6Mf1RRyMho,88
379,Enamour,Bending the Light,59otUUKu9g4Nv88ZcG9bEH,10
380,Lost Frequencies,Where Are You Now,3uUuGVFu1V7jTQL60S1r8z,93
381,NWYR,Year Of The Dragon,7bGVvRZh9wNAIU9Cj8yS8F,12
382,Lil Nas X,SCOOP (feat. Doja Cat),6bpq1jGkVz66Q3LYeoXdjZ,82
383,ABBA,Happy New Year,2mxwMVaPHxz4WVslwart1j,13
384,DaBaby,Lonely (with Lil Wayne),6pmNoWKk0r6zfIjWneJRxR,78
385,Hate Drugs,Sleep When We're Dead (2021 Special Edition),69P8dbLk5gNVG3q2AGemc6,5
386,Taylor Swift,The Lucky One (Taylor's Version),4e5ayHsOLJNLTGfjau2mEw,80
387,Elvis Costello,Waiting For The End Of The World - Live,0BGHmtfikvjPfsGU0qajw8,9
388,Sueco,Paralyzed,5svL1PkWw8hPEAOdTNLexy,78
389,Elvis Costello & The Attractions,Watching The Detectives - Live,5Bqdwwwd74bIqg7G9lFj5c,10
390,DaBaby,Red Light Green Light,1YDebgap5OFwXEBG18NJvy,80
391,Elvis Costello & The Attractions,Pump It Up - Live,2qQoKFJpxehzTxQ2bE8LOb,9
392,Drake,TSU,4s7QLoImIwmPi9L6dq1nVW,79
393,Elvis Costello & The Attractions,Less Than Zero - Live,3BfkgtFOtZ8vMOIeEKYvNw,9
394,JVKE,this is what falling in love feels like,4UG2Fm0E98LhE2dlNxiAXx,80
395,Edwin Yearwood,Resilience (Make It Work),0VdqkZEqH3muIvadsq41p2,7
396,Taylor Swift,The Moment I Knew (Taylor's Version),0NRHj8hDwwmSPaA41o379r,80
397,Carrie Underwood,Favorite Time Of Year - Amazon Original,4Lxh4rfzUGGwIZBmuhZOmN,9
398,Baby Keem,range brothers (with Kendrick Lamar),0UTyLmkQgPOEIz95OVAJTR,78
399,Incognito,Crazy For You,6Sufmzi9MvBXGQp8tQPTt6,19
400,Young Stoner Life,Solid (feat. Drake),6rTInqW3YECMkQsBEHw4sd,79
401,Black Eyed Peas,Boom Boom Pow,2R0Uk0LYYtNRY64jWx1Pha,14
402,Taylor Swift,Sad Beautiful Tragic (Taylor's Version),73qMN9bXy7MSPwwGfH3wQr,80
403,The Harvard Krokodiloes,Blue Bayou,75LXEe649UonM6PZB5xG7w,6
404,Bruno Mars,Fly As Me,7GuP2hQO9oprADjY3gRhCT,80
405,Katrina & The Waves,Walking On Sunshine,75Id6xbYsWnwptMUX0TEH2,17
406,Ryan Hurd,Chasing After You (with Maren Morris),1ZIKpMTRPqhwAoVXWY3tXI,76
407,Johann Strauss II,"An der schönen blauen Donau, Walzer, Op. 314",7Lq7lV5MVDduhkRmqP9W4s,20
408,Taylor Swift,Starlight (Taylor's Version),7A2cNLRT0YJc1yjxHlKihs,80
409,Johann Strauss II,"Neue Melodien-Quadrille, Op. 254",4uaWclMPHnWjm9YVGytlAS,22
410,Don Toliver,Flocky Flocky (feat. Travis Scott),25r6MZ4Gtd76l43qnZI1DG,80
411,Elvis Costello & The Attractions,No Action - Live,7sXHoagawVOm5mEHmFOGW0,8
412,Bruno Mars,After Last Night (with Thundercat & Bootsy Collins),0crw01bqnefvDUDjsuKraD,80
413,Elvis Costello & The Attractions,(I Don't Want To Go To) Chelsea - Live,61vhN4ck7XKbTcwWsukzMJ,8
414,Normani,Wild Side (feat. Cardi B),2vXgyN14LX2zl7JEASw242,81
415,Elvis Costello,Roadette Song - Live,02a24zjDC9rN1zJXJu6RFs,9
416,WILLOW,t r a n s p a r e n t s o u l feat. Travis Barker,1QL7nSDZCwZMnbisV4KOXt,79
417,Elvis Costello & The Attractions,The Beat - Live,2aL6l6Uu261vAnWjSSlGpq,8
418,PinkPantheress,Pain,7CIERzyqIwLVKGp00YbHRO,79
419,Cowboys & Aliens,Highly Overrated - Remastered 2021,19SllME4s494KYLFlRJW2C,11
420,Meek Mill,Hot (feat. Moneybagg Yo),5qyZ6LcHvBiIHLaoED8K4g,77
421,Cafe BGM,Sultry Ambiance for 2021,5NR2UScCobzDg4zpbZYIel,8
422,The Weeknd,Take My Breath,6OGogr19zPTM4BALXuMQpF,87
423,Incognito,Tribal Vibes - 2021 Mix,00jZOspzqavYtZ0bMBXkA0,11
424,Remble,Rocc Climbing (feat. Lil Yachty),5bBzkJE9BqYTL27webAUCw,78
425,ABBA,Happy New Year,1qmF8X79NN2PKFf86NzJfm,9
426,Latto,Big Energy,6Zu3aw7FfjAF9WA0fA81Oq,77
427,Mabel,Loneliest Time Of Year,74YHlbAN3PqLGWkDLFYwAU,7
428,Internet Money,"His & Hers (feat. Don Toliver, Lil Uzi Vert & Gunna)",2IePEfMAtqWS6rLXXFZIgI,81
429,Mabel,Loneliest Time Of Year,2e6g58dExrBtSc0EPwLSRD,9
430,Morgan Wallen,7 Summers,4obHzpwGrjoTuZh2DItEMZ,75
431,Hate Drugs,Never Wanna Leave (2021 Special Edition),3ENgON7uAmmCdTlQr7ErIv,5
432,Cody Johnson,'Til You Can't,4k3lPl8YTKuY8c1HelVnm3,75
433,Ki,As Long As I've Got You - 2021 Remaster,2vecZODDPnuQAPxR2Tz3TD,7
434,Maroon 5,Memories,4cktbXiXOapiLBMprHFErI,87
435,Michal Cielecki,The Golden Age,3PL0nJgLfgwNLMhyEQlL3D,14
436,Conan Gray,People Watching,4JeOesjcWWlprTAvucDSJX,81
437,Sabrina Carpenter,Christmas the Whole Year Round,2URlpakeh9JoBwi0PfFFdn,10
438,Cardi B,Up,1XXimziG1uhM0eDNCZCrUl,80
439,Sabrina Carpenter,Christmas the Whole Year Round,04ikLPl5jqbpbcRcN21OEx,12
440,Taylor Swift,Girl At Home (Taylor's Version),0DMVrlMUn01M0IcpDbwgu7,79
441,Bobby Prins,When Little Children - 2021 Remastered Remix,4fOqoAHigjlLW0lA0yIfJq,10
442,Bruno Mars,Put On A Smile,4bbJw6usZSqkcmnqjSIOWx,79
443,Hate Drugs,Lovers in the Summer (2021 Special Edition),45d19b65f9tBj7rO1E7dbU,4
444,Rauw Alejandro,Cúrame,3PwRuzdphgedcWVUOVYJ7I,90
445,Dianne Reeves,This Time Of Year,1RJQsl0Pw7ccoJtDkUe3iq,6
446,Brent Faiyaz,"Gravity (feat. Tyler, The Creator)",6u3CPnFMKANYgfdiifFOiJ,77
447,Lady Gaga,Poker Face,5oIG8TbRdBpGVOuJlpkkZD,15
448,Skylar Grey,"Last One Standing (feat. Polo G, Mozzy & Eminem) - From Venom: Let There Be Carnage",5W8HXMOMLtXLz0RGKUtnlZ,83
449,Jonas Blue,Fast Car,4JE2LhgByBeMLZq8wNqmO3,14
450,Mora,Volando - Remix,0G2zPzWqVjR68iNPmx2TBe,90
451,Avicii,Levels - Radio Edit,2g089nzug3nz4h0ztCJwAv,13
452,Lil Baby,Hats Off (feat. Travis Scott),4lUmnwRybYH7mMzf16xB0y,77
453,Mary J. Blige,Family Affair,2jMqhSWa9rYRJK6DydwChJ,15
454,Grupo Firme,Ya Supérame (En Vivo),6HIIuuUIEzH1meVdGbMXyf,85
455,Josef Strauss,"Ohne Sorgen, Polka schnell, Op. 271",5Sc05HxzSAEKPSkwaXSmQ9,20
456,Baby Keem,lost souls (with Brent Faiyaz),02rdXe0KhMe8p6ZHzYtuw0,80
457,Carl Zeller,Grubenlichter-Walzer,7nWICHrOpq4mNelpzvfW8j,20
458,Pi’erre Bourne,Drunk And Nasty (feat. Sharc),1lAJUXyP5S2dUYHer1xBas,79
459,Johann Strauss I,"Radetzky-Marsch, Op. 228",316AyasQmOic6W2zM8rYlw,21
460,Drake,N 2 Deep,34D6FJysnQioVingDKufuf,78
461,Elaic,Stardust - Radio Edit,0sOldZwXFsqCByKaN39v5t,7
462,Kane Brown,One Mississippi,4FdPnT2cFrpWCmWZd7GXc3,76
463,Mabel,Loneliest Time Of Year,3v9ILiZmlnNq36Cw8r8hDO,10
464,Polo G,Don’t Play (with Lil Baby),2QIBJFl8DJR1mDh9GwfZef,73
465,Wassu,Saru,4k5u7UUdnGbFQ2nz5wkokO,10
466,BabySantana,Antisocial (feat. Slump6s),4KBJ6dFxtup8Ku4uQZcPQ8,77
467,Helvetic Nerds,Live Your Life Be Free - Extended Mix,3cZG3kuR8rCIt0PkOKrLlM,0
468,Bruno Mars,Blast Off,5ywsqu9AEJnEJhJ05Vf9Me,80
469,Dopeboy Ra,Year Of The Dopeboyz - ReMastered 2021,6lSWuZ2MeLHpHITkqc6fU1,2
470,Olivia Rodrigo,"1 step forward, 3 steps back",4wcBRRpIfesgcyUtis7PEg,81
471,Norah Jones,What Are You Doing New Year's Eve?,4MvFNH6LIV3Mb6Rv5tmBas,7
472,Moneybagg Yo,Time Today,0YrKSfpvflYnLSBd4Jtu6J,75
473,Chillhop Music,Its been a year since this started,2RtEojKpMZIlGG9ld58vqx,7
474,Lil Durk,Pissed Me Off,52nTQQahs46s1iHFQ3Wv5Q,76
475,Elvis Costello & The Attractions,"Radio, Radio - Live",6Eq3EJrQ2snBpBrtKRpc9b,8
476,YoungBoy Never Broke Again,Nevada,2cEnKRR4dYBB2VA1mjlb1z,75
477,Il Volo,"Christmas Medley: Jingle Bells Rock / Let It Snow, Let It Snow, Let It Snow / It's The Most Wonderful Time Of The Year",7gl9YqFAlNMmolpaTWTMiz,14
478,YoungBoy Never Broke Again,No Where,2f2WskmLwsLtGkjntD8NG7,76
479,The Acoustic Guitar Force,It's the Most Wonderful Time of the Year,3MrQEULu8Y9MftkGdMSGNG,5
480,Travis Scott,Goosebumps - Remix,5uEYRdEIh9Bo4fpjDd4Na9,85
481,Incognito,Out Of The Storm - Japenese Live Version,1Jq2SAsdjoQBBBBVb2qpBM,12
482,ASTN,Happier Than Ever,7es56D0QedGMsK39wl2yFX,80
483,Incognito,Cut It Loose,4jTYCIOje4rUuhAKw1wemw,14
484,Drake,IMY2 (with Kid Cudi),7F9cT6hIRhnFCYP6GKS0tf,77
485,Incognito,Step Into My Life,2b7zA7QLry01ixpbTHZsrt,21
486,Marca MP,Ya Acabo,4H3t8C59tXjKf1R2iKtc5M,84
487,Incognito,Good Love,0dKDbjktjMmLCtXCdmUFL3,16
488,Nessa Barrett,i hope ur miserable until ur dead,4ka1FkKAMde6dQAFFMXKac,79
489,Incognito,Rivers Runnin' Black,0r4HSX18ffygSyyW8HWpUU,11
490,Sarah Cothran,As the World Caves In,2xXNLutYAOELYVObYb1C1S,81
491,Incognito,Fountain Of Life,1GYes8E3aZ8yWjeozEK7ej,15
492,Drake,Papi’s Home,6jy9yJfgCsMHdu2Oz4BGKX,78
493,Incognito,Stay Mine,2ywBaHAJfTXJClEKrrC4uI,14
494,The Kid LAROI,NOT SOBER (feat. Polo G & Stunna Gambino),1JXBNvlDEl2epKSJ9EOgKX,79
495,Incognito,Inside Life,1TdgUQtoLxIc1CBUCJHEgY,14
496,Lana Del Rey,Dealer,7iqQz931tn59mK6IZ3knRx,80
497,Years & Years,Breathe,71v09OflvBMGwSrSnOkyxq,8
498,Megan Thee Stallion,Megan's Piano,4HyVMzg0sUQsdOxRvSO8Ka,76
499,Years & Years,Starstruck - Kylie Minogue Remix,4AgEq4UqCDn0iCfgpQX37j,14
500,Polo G,Young N Dumb,4dZTNKRngStyYNueXCO2FR,72
501,Funcc.,Etched,6QuOys0yAV9sQo1epby4sj,11
502,Justin Bieber,Hold On,1AsQM47daFDuVy9r1yVisK,0
503,Funcc.,My Dear,4DwRpHZ8XeWkbXn1lFEvBK,13
504,Justin Bieber,Sorry,66CiP7Wc7BrMeMvNcdPqJg,0
505,Dino Brown,Give Me Love (feat. Eliza G.) - Paky Francavilla Remix Radio,1ImVXX9hCrZqUsr17pOf1A,6
506,Justin Bieber,Peaches,7gB7x7qLSgHRag5hW97TiJ,0
507,JBGL,Dance Monkey - Panico & Skar Remix,2PYqCuhWX0MAIOBPDxaFEi,6
508,Justin Bieber,Mistletoe,4v2nqIfFg0Y2SdAUJ7FjA9,0
509,Joe Bertè,Better Of Alone (feat. Monika Kiss) - Radio Edit,5JAaCqM5YjPL8arrekcVKj,6
510,Justin Bieber,Hold On,2pV2k6dVqYQh3wBnTUvtd9,0
511,Amaranta,Dime Tu - Live Streaming audio and video New Year 2021 remasterized,6glNtKl26CN6FfiWeVd6UX,8
512,Justin Bieber,Fa La La,3myKz0SbIf1tvzUh0eYEDA,0
513,Amaranta,Adios Tunantero - Live Streaming audio and video New Year 2021 remasterized,4Za9rPfMOe6N9AHV5CMBkB,8
514,Justin Bieber,Mistletoe,2JZMyww8rAkQ0YOdiQ0DeP,1
515,Amaranta,Mix Tunantadas - Live Streaming audio and video New Year 2021 remasterized,08lQHr7iNWMXo4IdiyEFDm,9
516,Justin Bieber,Ghost,2BycD0AAZQvYyKEEyXrIUp,0
517,MC Hammer,U Can't Touch This,6Zd9LlEOSpvcnNXntWsBTX,11
518,Justin Bieber,Peaches,5e7N2XpP9wkyceEQFednLj,0
519,Soulja Boy Tell'em,Crank That (Soulja Boy),0WSZRXePxhwvapQOTOOLLb,8
520,Justin Bieber,Peaches,5WR5K2ynl5sbODnytqSXFy,0
521,The Temptations,My Girl,1QRgNbI4BSxvhNmnKxkliw,7
522,Justin Bieber,Mistletoe,3uIbZR3nkrUD5Bec1b2tis,0
523,Francis On My Mind,Circle of Love - Henri Purnell Remix,7J4hhcOMiucRKDhRoEGNmj,10
524,Justin Bieber,Peaches - Remix,3B9nNOzNLg0ekiOYktQkt9,0
525,Justin Bieber,Baby,6aSggrFQ6WdFphEGV6F4Yh,12
526,Justin Bieber,Ghost,1jbx4tfVjDgOrFwI4C52ep,0
527,PSY,Gangnam Style,6Vl6FXKrXRgqx8jdTXjEU2,13
528,Justin Bieber,Love Yourself,10nfePG9s6PRRJXqXmn6Pg,0
529,Lady Gaga,The Edge Of Glory,5KvEohGuBNeVdWJvT5LVf2,13
530,Justin Bieber,Ghost,0gPZt4Ms8WjSunbMZUtFzR,0
531,Kungs,This Girl - Kungs Vs. Cookin' On 3 Burners,4qOpyFffVRHWGSoOXWrUmm,12
532,BoyWithUke,Two Moons,5GxUKIEkMXXZo1Tif0IzfC,82
533,"Karel Komzák, Jr.","Bad'ner Mad'ln, Walzer, Op. 257",1aDvlKtvTA8SJqBbGL7Nyw,18
534,Drake,Love All (with JAY-Z),4VCbgIdr8ptegWeJpqLVHH,79
535,Johann Strauss II,"Niko-Polka, Op. 228",4FWUPPBsg82IsojhIcAP0v,20
536,Taylor Swift,State Of Grace (Acoustic Version) (Taylor's Version),5jAIouBES8LWMiriuNq170,78
537,Josef Strauss,"Margherita-Polka, Op. 244",731HF4LtmtLXg5uBmrZU2R,18
538,Camila Cabello,Don't Go Yet,1058fW9H3fZA6QjYCdOBad,88
539,Franz von Suppé,Dichter und Bauer: Ouvertüre,4vircrVSGNJsFavtLUF29K,19
540,Lyn Lapid,In My Mind,2W779g2UrRZtVdf3FcEOO1,80
541,Johann Strauss II,"Schallwellen, Walzer, Op. 148",5ZH6LpaSV0rmkr6RkLngqI,20
542,Moneybagg Yo,Switches & Dracs (with Lil Durk feat. EST Gee),4c7LkE1lSNj3RR4cZo0jEi,75
543,Johann Strauss II,"Kaiserwalzer, Op. 437",4tV2GAiMdElyGG9Koz3sQd,19
544,KAROL G,SEJODIOTO,704LUEih663hiE3CnyUrFW,87
545,Edwin Yearwood,Everytime,6y6TmcoiVa3UZ3O2TIUC5C,5
546,DaBaby,Masterpiece,26UxwWl9xCb83OynXELJcL,76
547,The Screaming Jets,Better - 2021,4kwJk6C7TArriQjpezFdUT,23
548,DJ Snake,"SG (with Ozuna, Megan Thee Stallion & LISA of BLACKPINK)",6IPNp9PfaEqrzotY47TIWy,87
549,Elvis Costello & The Attractions,Lipstick Vogue - Live,3soEpcv4gfYaR6tSo0Xz64,6
550,$uicideboy$,Ugliest,2Q9nA56DKKJhj4cHMbHlAS,76
551,Elvis Costello & The Attractions,Little Triggers - Live,1i2jsiqb3dPNMW4lq68y9j,7
552,Bruno Mars,777,4zm8xZiV5FxJu62EHEvZaT,78
553,Elvis Costello & The Attractions,You Belong To Me - Live,10UTlmhtV8eoxl7BAM983G,6
554,Baby Keem,trademark usa,15hJmqqEtASVXl6sM7i4UF,76
555,Elvis Costello & The Attractions,Hand In Hand - Live,6XUWrkISyClV6OSM20tg33,7
556,Lil Tecca,REPEAT IT (with Gunna),21AJQhGZpujjZQXByZAXpr,78
557,Cafe Jazz Relax,Easy Moods for 2021,4UcyhbrIxdnDu2PDq75Q1M,4
558,Joel Corry,OUT OUT (feat. Charli XCX & Saweetie),6Dy1jexKYriXAVG6evyUTJ,89
559,Cowboys & Aliens,Bad Sexxx - Remastered 2021,1m1lrN96yPCUkcjio64dRr,10
560,Trippie Redd,Miss The Rage (feat. Playboi Carti),5gZYpjakt37G3c58FKcQwJ,78
561,Cowboys & Aliens,Asteroid Blast - Remastered 2021,3QXfpuF4p4ugBYdiDzABqV,8
562,Madds Buckley,The Red Means I Love You,5pLbM4PU1wZyMvoQyEAorp,78
563,Cowboys & Aliens,Holy Stone - Remastered 2021,3CcS3bTCfO0OI1hBAsh1aS,7
564,Ingrid Andress,Wishful Drinking (with Sam Hunt),3HGnIIdHYIbkowzLk8UHbE,75
565,Van Der Graaf Generator,Darkness (11/11) - Remastered 2021,0zkLkBmg0qY6ldFX5sm3CE,13
566,Ed Sheeran,Happier - Tiësto’s AFTR:HRS Remix,5TIsZnE9ZDjjucejBeOsQo,2
567,Cowboys & Aliens,Share The Goods - Remastered 2021,3r9fjYBhHAsWPy6FuNjD1t,9
568,Juice WRLD,Bad Boy (with Young Thug),43CIWpJaJHRcI4mUSjqgc2,77
569,Klaus Doldinger,Ataraxia Pt. 1 - 2021 Remastered,2RBLY1OxUQTiXFmlD984DS,9
570,Smiley,Over The Top (feat. Drake),3yaYgjEFkRw3PVjW9mV1TO,77
571,Acoustic Christmas Music Band,My Only Wish (This Year),4hDErGI5aoQj2Of8ZME12F,9
572,Moneybagg Yo,Wockesha,0nqhKXDjsyBMvbeWmgijD0,75
573,Mysterious World Music,Tết: Vietnamese New Year Celebrations,13NWA8Q5Jhd2T0oAshsiqb,6
574,BIA,WHOLE LOTTA MONEY (feat. Nicki Minaj) - Remix,67G6iaOw8DZqp1z8STR89R,76
575,Incognito,The Padded Duke - 2021 Mix,13cSwpyQFRG39jvCAfsJiV,12
576,Jason Derulo,Acapulco,3eJH2nAjvNXdmPfBkALiPZ,88
577,Incognito,"On The Road, Pt.2",4APjVDLrCtFUFziUXGeU9G,14
578,Drake,Pipe Down,11pEKMLmavDu8fxOB5QjbQ,77
579,Incognito,Solar Fire - Japenese Instrumental Live Version,2qaocP4h4MczulRYbmX5bk,12
580,Morgan Wallen,865,0sKEilrw1GrBlG6qsTCrP4,73
581,Incognito,Samba To Coda,24sdLGEvhnKvraZDwNmANw,13
582,Warren Zeiders,Ride the Lightning - 717 Tapes,1JTQG8J8jN8tjDTyUWnaRe,76
583,Incognito,Dark Side Of The Cog - Japenese Instrumental Live Version,33lABWocsgnxRqLxAqjqrf,11
584,Lil Uzi Vert,Demon High,5MAnH0CFbD13INQBsnKI9y,76
585,Incognito,Labour Of Love,07AO7W9JK4ABBwmJh0pz9l,15
586,Russ,Seduce (feat. Capella Grey),5irzewJoHob42Nq3P9kOYh,79
587,Incognito,Celebrate Your Life,4MbA0V9qsSuQDYZRbd1M68,14
588,Tiësto,The Motto,18asYwWugKjjsihZ0YvRxO,86
589,Incognito,Where Did We Go Wrong?,1nMVtaV9eJ4y1XPx4XRPiO,14
590,J. Cole,a m a r i,2cnKST6T9qUo2i907lm8zX,77
591,Incognito,I Love What You Do For Me - Japenese Live Version,0SUlGxax26VxjnNYh1BnR2,12
592,Juice WRLD,Wandered To LA (with Justin Bieber),70VkwSaJYXNCreoqwEMk4g,62
593,Dianne Reeves,This Time Of Year,0YkyLmHM4JWyJ8OSXcRodx,8
594,Summer Walker,Insane,3pcxxaUxAMSfz2zgetHydD,76
595,Cowboys & Aliens,"Mickey Mouse, Evil Head - Remastered 2021",7JdZKKCDIapJwW9cNxBAlG,7
596,Calibre 50,A La Antigüita,798ahLNEcoFER7Vywg1FMT,86
597,Acoustic Christmas Music Band,My Only Wish (This Year),3beLDcibpFfOdaHKWfTW0t,8
598,"Tyler, The Creator",SWEET / I THOUGHT YOU WANTED TO DANCE (feat. Brent Faiyaz & Fana Hues),3EG9FJ0ToLfgnc1IG2Z1wz,76
599,Sabrina Carpenter,Christmas the Whole Year Round,1p2F8RacREEGYIqDal4YSV,8
600,Billie Eilish,Your Power,042Sl6Mn83JHyLEqdK7uI0,82
601,Acoustic Christmas Music Band,My Only Wish (This Year),67aIxHzuUKjB4yW8oUypES,11
602,Gera MX,Botella Tras Botella,2MnLkFqY9Rpg9s3Zv6ZJdK,85
603,Emily Hall,My Only Wish (This Year),4DCrozVwVkNhOMXkQypfLc,11
604,Olivia Rodrigo,hope ur ok,1zejeOnykpCoyVSit6Bwp3,79
605,Bobby Prins,Everytime They Talk - 2021 Remastered Remix,602muKG3muz3jm8ybVm7hu,9
606,Dierks Bentley,Beers On Me,19ZzEzb4BVK1wVO4brrmZz,74
607,Cowboys & Aliens,Let Me Walk U Home - Remastered 2021,4JvfxuNCfAAv2kBsk6Qhh7,9
608,Polo G,Start Up Again (with Moneybagg Yo),4O3bINhkGghgoKsOCr2HNz,69
609,Cowboys & Aliens,Blow Your Past (To Smithereens) - Remastered 2021,7yQ9SmSByTox1OEqB3S9bl,8
610,GAYLE,abcdefu - angrier,1EQFOouqdKYdpbNoOHRVO2,82
611,Oceanic,Year in the Sun,7wrV2RVos1qyLDZxhAS2qk,10
612,Polo G,Unapologetic (with NLE Choppa),45vDAZmpEf8BGVd1EA9yLA,69
613,Riccardo Muti,Neujahrsgruß / New Year's Address / Allocution du Nouvel An,55VqxXi21UxYikKbrMXv54,14
614,RealestK,WFM,1DNA2z7Txysjk3cNz2nDLm,80
615,Norah Jones,It's Only Christmas Once A Year,0TXGlaRoSD6NjOW2L4RNBd,7
616,Morgan Wallen,This Bar,075qcpR3BnxD5CWUIx1HTr,73
617,Van Der Graaf Generator,My Room (Waiting For Wonderland) - New Stereo Mix 2021,0tknDcpAASQwTNC0sYvV53,13
618,Young Stoner Life,Ski,6755DFiZ7CWe2WMdTGW5C1,75
619,Cowboys & Aliens,Blow Your Past (To Smithereens) - Live At Alcatraz 2021,5DbLadWMC8tiR0sfJhA2Oh,8
620,Polo G,Suicide (with Lil Tjay),3TDWIXarI4pfCrjXKr7RtQ,70
621,Idina Menzel,The Most Wonderful Time Of The Year,1zMWKcgbwKXRXGBBAl1rYS,12
622,Jenna Raine,see you later (ten years),5elofKuRmgZmCVImWT6JtE,79
623,Funcc.,Best I Can Do,2A0rT5KgnVWJuFY455etSo,10
624,Baby Keem,16,1Is8hGpkGMiePASAxBluxM,76
625,Incognito,Always There - Masters At Work Main Mix / 2021 Mix,0rTdUogj6erpinjAHuEJnJ,11
626,Maluma,Sobrio,4HzqWEdAbzcVFDv0pvxV4w,90
627,The Harvard Krokodiloes,God Only Knows,1mgOqiH6hp3NCwkshZbMum,5
628,Ashnikko,Slumber Party (feat. Princess Nokia),11ZulcYY4lowvcQm4oe3VJ,80
629,R3HAB,All Around The World (La La La),0HGd1nhUdG7XsiJ00wJ40U,9
630,24kGoldn,Prada (feat. Lil Tecca),4wuMS7NGVbU7hdu94K5icd,78
631,Bee Gees,"Stayin' Alive - From ""Saturday Night Fever"" Soundtrack",6EF5awMhs4oFFim8eNaisH,11
632,Bruno Mars,Smokin Out The Window,7sMBvZCSUl99bJLXZaLa0b,81
633,Black Eyed Peas,I Gotta Feeling,3knH4xPIQ419bRkv95Dgjh,9
634,Kanye West,Jail,6d8HN8MqqbqrEUI2bvx0aG,77
635,ABBA,Waterloo,42jR5G8F8yDW3Al2URY2Fw,12
636,DJ Snake,U Are My High,3S7A85bAWOd6ltk6r2ANOI,80
637,Nathan Evans,Wellerman - Sea Shanty / 220 KID x Billen Ted Remix,7pR8BOwYHxPABZUEQBrzp3,8
638,Lil Tecca,NEVER LEFT,21UkXrc9kD48rNpTMI2ecz,76
639,Daisy the Great,Record Player,0SZ51ZzBq677yxYqTNxJsW,11
640,"Tyler, The Creator",JUGGERNAUT (feat. Lil Uzi Vert & Pharrell Williams),7z4xW9WY86uH3gd1V9pfCM,76
641,Katy Perry,Hot N Cold,5B4V5sayQWvTO8db36ko6n,15
642,Ariana Grande,Just Look Up (From Don’t Look Up),3QPBocWfIcOCdFFvmqn60F,75
643,Carl Millöcker,In Saus und Braus,4c2QQx5DLH7jh4pO2DWZNW,19
644,Polo G,Heating Up (with YungLiv),3hnKhjXwyRyRV8JviQXgB5,67
645,Nancy Wilson,What Are You Doing New Year's Eve? - Remastered 1995,1Na1S1QwPoD5MhpW5RiH9b,9
646,Polo G,Fortnight,127IjU4PRiGTbFm2xPXLTn,68
647,DNA,Day by Day - Dimitri Nakov & Limara Remix,6kq89ySosdHa1LnNZc8s7C,7
648,Trippie Redd,Matt Hardy 999 (feat. Juice WRLD),1HsOTiVqdN7PB1zOS2bcsO,75
649,Ska Ska,Mountain,6zpUNlyGXxF8Pm9QAsWlpM,7
650,Polo G,Black Man in America,5bh3nrXWsRiqBwMU3vbnYK,67
651,Years & Years,Desire - Gryffin Remix,1xhkexZbRu77gyw6cMiGqn,5
652,Taylor Swift,Ronan (Taylor's Version),7nWui6jiMM2m9qFmET1Mtj,77
653,MD X-Spress,God Made Me Phunky - 10 Years Of Eats Everything Extended Remix,5Kl577M8bTGDyI6VEOPJqC,16
654,Megan Thee Stallion,Eat It,4V5Dv8IjHNTk2YJzU9vgsW,75
655,Years & Years,Breathe,1YqRxaBc1qOC0a82ZcPz0q,8
656,Polo G,Partin Ways,5Y3ID1NKAg8qydyVCrM7ji,67
657,Elvis Costello & The Attractions,Chemistry Class - Live,41Zc1VxYGJFN9oRv8gIPAH,6
658,Cordae,Super,1rjnHhnDtoboZAXJyJgzaz,75
659,Khemarak Sereymun,Happy New Year 2021,2JVf5uijE9TGWatNeuTJD6,7
660,Kacey Musgraves,justified,4wONXG4GqWSscEyZlx300W,74
661,Incognito,Beneath The Surface - Japenese Live Version,1rggDk18BQCNmy52YqJK85,11
662,Los Del Limit,Amor Fugaz,4O2bxKTnK9En7OPw8kGDDF,79
663,Incognito,Glide,5VyBJEdxXgYHHXVe2Y3T2x,12
664,LISA,LALISA,7uQZVznj0uQOGC9KhV2Mg6,82
665,Incognito,One Step To A Miracle,55JZ2dPtQZkMIRjlcyhi4f,12
666,PinkPantheress,Just for me,6OTKVgVpVaVjhRLYizPJKA,79
667,Incognito,Passenger,5peZN9JA9wLFh9nLjO7U99,14
668,Bruno Mars,Leave The Door Open,0LDiaSudHOYJ8e473mv5uY,78
669,Incognito,Release Yourself,3Sozl0lEdA7LAiwsYAmVen,12
670,Clinton Kane,CHICKEN TENDIES,0awuNCj9gwJEM0seER22DW,78
671,Incognito,Colibri - Japenese Instrumental Live Version,54uk3Pb34sY4xVcL2VMwJQ,11
672,Sam Hunt,23,4PuAqZlL1tkidkuxfDlLbF,74
673,Incognito,All That You Want Me To Be,5jvxLmX1bHSGnEA7GWkVZG,16
674,Baby Keem,first order of business,4d6z0mKVcnhE5x0YWvTexh,77
675,Incognito,Solar Fire - Instrumental Version,59S1evAj4v8vhavCFzHV8E,10
676,Cico P,Tampa,4tB6ApBRk7JEBKet5mRFF3,74
677,Incognito,That's The Way It's Gonna Be,3pfn3MfrsQfiBBquc9Tsuo,14
678,Madison Beer,Reckless,5ajjAnNRh8bxFvaVHzpPjh,84
679,Incognito,Pick Up The Pieces - Japanese Live Version,0Gxc97i5P7T8DfcDmjESim,14
680,Eyedress,Something About You,0kFFvTvmSgJeNkVKPFaplu,78
681,Incognito,Stay,5Q6MT1VQ0Kc70mHmU8pFWp,14
682,Jessie Murph,Always Been You,2zpZkOV7sD9C4Cv0cukoHV,78
683,Incognito,Neon Mountain,4ubxq9JZ7NY40TriiiBvGf,14
684,Polo G,Piano G,77x803JvSzXFUOXYpqrDHP,66
685,English Languagecast,New Year's Resolutions for 2021,3Jtfae7mJODoktxBd7Axu5,5
686,Bruno Mars,Skate,2sXf2JdbB2GlNju00kw9WE,79
687,Michal Nováček,7 years (with SuperStar 2021),44CPnfdZNbW5sLJc1lX6DC,6
688,Summer Walker,Unloyal (with Ari Lennox),081Shn2hU3YxvQmGaCPegr,75
689,Animal Years,Talkin’ to You,6E9PnUSiYkcBFYBvQNsTTw,10
690,THE ANXIETY,Meet Me At Our Spot - Live,3BrWLBC4WYx393yRUOlTih,79
691,Il Volo,"Christmas Medley: Jingle Bells Rock / Let It Snow, Let It Snow, Let It Snow / It's The Most Wonderful Time Of The Year",6HXQhwFeKvaxBo9lcBufCW,15
692,J Balvin,In Da Getto,63aj87TQG6F3RVO5nbG2VQ,87
693,Last Year's Man,Still Be Here,2vpdhASV8jwmFCCGyl0wat,9
694,Polo G,Decisions,65rA5ARQlIA4HG2KWypW3g,66
695,She77 on the bea7,Piano Type Beat .Year. Instrumental 2021,6kyTWdpNwouYNNFdK5ng62,18
696,Kacey Musgraves,breadwinner,2stbjvpFujerfDUuUUPX7o,74
697,The Harvard Krokodiloes,Walk Between Raindrops,72iKGySoTHbRVPjFQ8GBSK,3
698,Bas,The Jackie (with J. Cole & Lil Tjay),15qKrPi4Kg0z7g9HlwWyeb,75
699,Calum Scott,Dancing On My Own,4ByGMXhDEzEa903jruIo5b,9
700,Thomas Rhett,Slow Down Summer,1fff5nZGyRJtFLkOrSSwOU,74
701,The Harvard Krokodiloes,You've Lost That Lovin' Feelin',4T83kTGLmd5KOAjItOALOY,2
702,Avril Lavigne,Bite Me,4bNa2MHnPB7zckROAHh8mR,80
703,Zedd,Stay,2jor7MMbHHEuviAsuFlF3f,9
704,Regard,You,2cc8Sw1OnCuA5bV8nqWqpE,81
705,Navos,Believe Me,47uzvxGuDJpvAYk6D9alrf,10
706,DVRST,Close Eyes,3CLSHJv5aUROAN2vfOyCOh,84
707,Lady Gaga,Judas,5kVzn1HJPZyYe4obZXVPJx,13
708,iann dior,let you,5OJmt1xiOHZJGx8wTUAjEC,78
709,Roxy Music,Avalon - Remastered 1999,0MrpZIGxUQTQX5qWPwTtYu,10
710,Polo G,With You,00jNPEEAjvGzvp1ok63dZ0,66
711,The Supremes,You Can't Hurry Love,0DC4La969aOHCWSAtWfrNz,9
712,Pooh Shiesty,Back In Blood (feat. Lil Durk),7FGdjbZ32vMybPuP0IuE7d,73
713,Zedd,Clarity,510rlUbT6eGOfzPOyvUBO9,7
714,Polo G,Alright,7vN97Gtth6RsY6QgDyYr5a,66
715,Avicii,Wake Me Up - Radio Edit,3iSW67ADfF8Wm2VlgCul5U,10
716,Summer Walker,Throw It Away,21DN44aYlSoyfOQcboC0IP,75
717,Fall Out Boy,"Dance, Dance",10nzgJ85sjnH6s7TyOROd0,9
718,Morgan Wallen,Warning,64SCQtbRtmO28ks1QhS3w5,72
719,Rick James,Super Freak,1PrQsSJg0qUjRCkQHIPwz8,5
720,Bruno Mars,Skate,4WnmTHCNN45jvQCrlbEWs0,77
721,Trinidad Cardona,Dinero,0SGdmvS80EZamgexUzuAEi,10
722,Billie Eilish,Lost Cause,4191RXFPa7Ge9XkA4cWlna,79
723,Tom Petty,Free Fallin',4tz10zjZ60iC3WQrbawwo8,7
724,Sub Urban,INFERNO,7aonAWn0J0AJ47ZU9WHCXC,82
725,twocolors,Passion,41Kq3zCKjXmed2uGjSayrF,9
726,Polo G,Bad Man (Smooth Criminal),62l3NSQPUxvcwwzKUmysrE,65
727,Stromae,Alors on danse - Radio Edit,5UBxtaGqAPCIYgVfa1OO4o,9
728,Kanye West,Life Of The Party (with André 3000),2yBb1CRq98SSWRuDSn36SZ,76
729,Maroon 5,Sunday Morning,4sGAPPaqCmIH18MBRoZDOu,9
730,Elle King,Drunk (And I Don't Wanna Go Home),0QULNNd9z5s35entfiiXoa,73
731,ABBA,Mamma Mia,4EOBWq5IJ7NIuV9y8wfKkf,10
732,Drake,Race My Mind,2Q3jFbyE61mCjS3SkW4toJ,76
733,Avicii,Without You,7vlTfbRSSxcG3t0OhvjeQL,10
734,Montell Fish,Fall in Love with You.,31MQR9rOHRXyg4J01hRY1h,77
735,DJ Snake,Let Me Love You,6SlrSRKMQxqqMzuLq1EoGs,8
736,Shawn Mendes,Summer of Love (Shawn Mendes & Tainy),0z8hI3OPS8ADPWtoCjjLl6,85
737,The Killers,Mr. Brightside,0RhZESHKh53ihyCJ6dxCKH,9
738,Summer Walker,Bitter - Narration By Cardi B,5cwnxz6QPfbOf731UPqphs,75
739,Ne-Yo,Let Me Love You (Until You Learn To Love Yourself),7wZuDbQw9JY9g5I9923Ohd,4
740,Luke Combs,South On Ya,0cvmA0xg8FkzKvBnO8987X,74
741,Maroon 5,This Love,4RHgh6LMfHqGwQ5QwULV5F,11
742,Justin Bieber,Anyone,31qCy5ZaophVA81wtlwLc4,81
743,Maroon 5,She Will Be Loved,5gXfrRPG8gsen7EAWTIopb,11
744,Rod Wave,Tombstone,3zc8VZEpM1onYV4FWGdFvm,72
745,Bon Jovi,Livin' On A Prayer,61Zo5g7gnozDu1ilEEHGKe,8
746,Vance Joy,Missing Piece,5YqdiryRmdAzYFlxo43hAJ,78
747,Lorde,Royals,0gBEgK04OB1eWnwtXEirFD,8
748,Niko Moon,GOOD TIME,2S8UMuLJ0z8agFgFGJ6Ztt,73
749,Gryffin,Tie Me Down,5COTU2tAzols6Chd2VOiOu,9
750,Bo Burnham,Welcome to the Internet,25AvaE23MXl06YRtQcQoJS,76
751,Social House,Magic In The Hamptons,7mgmswmA6aPF4sG9dtEBa7,8
752,Bella Poarch,Build a Bitch,7BoobGhD4x5K96Me0hqC8Q,82
753,Mike Posner,I Took A Pill In Ibiza - Seeb Remix,1gbx9AlPSKhhRizQNPJxBZ,9
754,Bankrol Hayden,Come Through (feat. Lil Tecca),3RoCi49XvcidDK7OqGw7fb,77
755,The Harvard Krokodiloes,I Can't Believe That You're in Love with Me / This Can't Be Love,50meWHpkwVAWRFRQTLeeXj,2
756,Morgan Wallen,Dangerous,1MX19fnaW1OUQoglWTYaOo,72
757,DeBarge,"Rhythm Of The Night - From ""The Last Dragon"" Soundtrack",1vOUIgIEB5e1C2BeijkEIz,6
758,BTS,Permission to Dance,0LThjFY2iTtNdd4wviwVV2,85
759,Lana Del Rey,Summertime Sadness (Lana Del Rey Vs. Cedric Gervais) - Cedric Gervais Remix,5kr9kiijNNnokPCCFQlvG0,11
760,Elton John,Cold Heart - PNAU Remix,7rglLriMNBPAyuJOMGwi39,87
761,Marshmello,Happier,0vQu4oxd2s2EtFtCHwfq4K,8
762,Los Del Limit,Siendo Sincero,6HgiRuV6ITWQBGsJ1HDjz1,74
763,Johann Strauss II,"Furioso-Polka, Op. 260",1rPAhbzCFmEKI1CwWz8L30,16
764,Blueface,Outside (Better Days),26BMsCXJpD7eYtP7ufhApC,75
765,Johann Strauss II,"Stürmisch in Lieb' und Tanz, Polka schnell, Op. 393",3pFONpfEqLegAj6klDDQFM,17
766,Drake,You Only Live Twice (with Lil Wayne & Rick Ross),50ceCGZ3oD3U5caQV5bP6f,75
767,Lady Gaga,Just Dance,3eMhCTIYsK4pVMWPEnDQ2D,8
768,Grupo Firme,En Tu Perra Vida,0ldT3gl7aGNzrJyd4b1CA4,81
769,Johann Strauss I,"Venetianer-Galopp, Op. 74",2JiapUhhbwvqJzA8WmNV4N,18
770,ame,raining for hours,3L1JHXiqNOJ57w3n2R3HyU,77
771,Johann Strauss II,"Im Krapfenwald'l, Polka française, Op. 336",20X3HiWyrMgsLMQYxdeWap,17
772,Billie Eilish,Halley's Comet,5XsAal7ZcWg1I5T4NcRjkv,78
773,The Screaming Jets,C'mon - 2021,3SPsE1DUR69FbGizilAYC7,18
774,YNW Melly,Mind of Melvin (feat. Lil Uzi Vert),5xyLeb2q1lxDf7hXKYlC1H,73
775,Maxi Degrassi,Syrah,1SJb7Wei4hCtAJ3g7kUBff,7
776,LeeHi,ONLY,6TBJkXHPhu3EsMk1bshwuI,85
777,Ramiro Drisdale,Ereni,5RT2QSNiO8hb2Sz6GwqZgs,7
778,Rod Wave,Richer,0mehSdTadpXbHAWTrnrIXO,73
779,Gonzalo Sacc,Lonely,45dzl6khGtl350xtfijwia,11
780,Sech,911 - Remix,27RSJHEA99Y0Vsow7nA37A,86
781,Van Der Graaf Generator,Refugees - Remastered 2021,1kpmkD4P5Ss4vDTFPDv73n,12
782,Billie Eilish,NDA,38GBNKZUhfBkk3oNlWzRYd,80
783,Kaotic Chemistry,Jupiter - 2021 Rebuild,0BryN3TZQSpsZnAo3VD40g,7
784,Ed Sheeran,2step,2SUxn2O9NHL6GHGQFgwCY0,83
785,Cowboys & Aliens,Cruiser - Remastered 2021,17vLGAkgpj34E5mOkvjD29,6
786,Lil Nas X,DOLLA SIGN SLIME (feat. Megan Thee Stallion),7zQirOExB0VR8yWUOqYeio,77
787,Klaus Doldinger,Allegory - 2021 Remastered,2pTtFav3GR2PZmaJHDkeOx,3
788,Parmalee,Take My Name,50fXFVykkwS6Om9eqjTK44,72
789,Van Der Graaf Generator,White Hammer - Remastered 2021,5WrRfGLskEOGnj5qxwsLVR,11
790,Lovejoy,Perfume,3Fn9orcpHw3TuqfB2NmZGC,76
791,Dreaman,Live As One - Space Mix,0zEEPRgjvHYEfxaZ5dasKu,0
792,Lil Wayne,Feelin' Like Tunechi,4HTY26kzdGCKJF1EqcRd2J,74
793,Smooth Dinner Jazz,Mysterious Ambience for 2021,7JbCtHITcxozCi7ToiRl9O,3
794,Conan Gray,Telepath,3Z39gbqdaGL3WJXBG0gcuE,78
795,Pal Hwang Dan,13 Years,0i37EPxyPUjg4M2jy8PcEq,5
796,Galantis,Heartbreak Anthem (with David Guetta & Little Mix),5K6Ssv4Z3zRvxt0P6EKUAP,84
797,The Screaming Jets,Stop the World - 2021,6KaY9zTwGLaRGM2YvoIJFN,16
798,Lovejoy,One Day,0IUprcNjE2hDtlvY8rq2W9,76
799,Cowboys & Aliens,Simple Things - Remastered 2021,0u65HUhF4A1oo7UNgC1qoM,5
800,MadeinTYO,HUNNIDDOLLA,4cOdRhWoQg8wrtggw6YZLY,75
801,Barock Project,Twenty Years,1AEWNXVXZzmjM3AMqwJ2Iu,11
802,Mitchell Tenpenny,Truth About You,4Qum1kECNQrpREev5fvAQ4,72
803,Fairmont,15 Years,4qtet5OjgB6IOgT1PhjdEG,0
804,NLE Choppa,I.Y.B.,2sU586qrQQhByPLqEF7pLX,73
805,Van Der Graaf Generator,Pilgrims - New Stereo Mix 2021,3BiLQ2OIcC7CvRT3t49dMx,8
806,Bo Burnham,Bezos I,0Kdj7nwaYQmvhxnqZaIQuW,79
807,ABBA,Happy New Year,4Kgi9PGPdvx4fEDMJyAeIg,11
808,Summer Walker,Reciprocate,5xGqh5mjKgOhp9TOlFeCcJ,74
809,ABBA,Happy New Year,6LhfSnk42iKhY2HfOUwZPL,4
810,Moneybagg Yo,Scorpio,0BFGDkrXAneskCJdudSCro,73
811,Cowboys & Aliens,Demolition Derby Babe - Remastered 2021,2CYFKSaoSz0so4QN41hg6A,7
812,WizKid,Essence (feat. Justin Bieber & Tems),1mSdbey7RstGLY2udgXv74,78
813,Cowboys & Aliens,Out Of Control - Remastered 2021,7v2CEz6LYroqR3iBeE61nG,6
814,Clairo,Amoeba,0HAqq2GcQKyi3s87GuN7jU,75
815,Klaus Doldinger,Ataraxia Pt. 2 - 2021 Remastered,4WxBtoIesJQm22p2WfEhe9,7
816,Polo G,Painting Pictures,5n6Av8TRdQ7ILdqoGQybKE,60
817,No.1 Station,Reel Skank - Remastered 2021,4gsLQc6BeWwjn1mwzgZmO7,6
818,Bruno Mars,Silk Sonic Intro,62CeNjGbvQnpQvyyGXeeDU,76
819,Groovecatcher,Light Years Away,4lIlj7nKDURiooSC4VeIqN,4
820,YoungBoy Never Broke Again,Life Support,2CMVajzxRuxsFNzYFkzjTb,72
821,Chinese Relaxation and Meditation,New Years Eve,2JovPrtWdFFPKtX7Nyhi0a,3
822,Morgan Wade,Wilder Days,2vubFQgAJO5SeuVa7ytIHc,72
823,Workout Music ,Savage Love (Cardio + Running Workout Mix),6kpeYM77vAAlw7dYY0g0Om,6
824,Don Toliver,Way Bigger,0HNKMJ2EKCaT2EqcCBj1EH,75
825,Workout Music ,Bang! (Cardio + Running Workout Mix),5rEjKaIQZLrD58PNpCXou6,4
826,Polo G,No Return (with The Kid LAROI & Lil Durk),23OYT3SFtoJqhiAUqktbc1,75
827,Workout Music ,Blinding Lights (Cardio + Running Workout Mix),1qo6ZFJzZ3fah2owpZltHS,6
828,Drake,7am On Bridle Path,42m3eP1JJhtzffal9B136J,75
829,Workout Music ,Rain on Me (Cardio + Running Workout Mix),3YCKr4hl75dPa0s1aEFrtN,7
830,Fuerza Regida,Descansando,3QXBaUQ8iwP2WI1GpQIP18,78
831,Workout Music ,Kings & Queens (Cardio + Running Workout Mix),5AismxfhycOrAUgsXlnGRm,9
832,Summer Walker,Ex For A Reason (with JT from City Girls),1De7cOMrdUnVpjWBaowMg4,75
833,Rhys Lewis,This Time Of Year,5RvpOJg44qCZZHYFZO28rF,5
834,Billie Eilish,Billie Bossa Nova,2KnuaZYoGzDoHiBTNYOTXG,79
835,Cowboys & Aliens,Ghost In My Speaker - Remastered 2021,2mwur9NcVCM0lhgsxCVNxj,6
836,Capella Grey,GYALIS,7wpyrkjEgz7W1vNYDxMKrF,75
837,Cowboys & Aliens,Burning By The Look - Remastered 2021,5tAH4h28UuohDAztqXIaF1,5
838,FL Dusa,Dear God (feat. Kevin Gates),1oPdIqXhjswpTnA5PPQs0K,71
839,Van Der Graaf Generator,Whatever Would Robert Have Said? - Remastered 2021,1RznRgNsY8DR6jYKETR70P,10
840,Taylor Swift,You Belong With Me (Taylor’s Version),1qrpoAMXodY6895hGKoUpA,78
841,No.1 Station,Stop the Fighting - Remastered 2021,2SIikjbUkxz0fbn9S0k73v,7
842,MEDUZA,Tell It To My Heart,46nvQpUDsxpS08UTFOeKTA,83
843,Sabrina Carpenter,Christmas the Whole Year Round,4rfs0X6evS4tZRsBuF6tE7,4
844,Kanye West,Believe What I Say,0JuSGEldfovcc8IS9va1wa,76
845,Incognito,Love Is The Colour,0O3ODLkn4m4CeIR8kW6bY6,11
846,Summer Walker,Constant Bullshit,1luvsaicSpNDRLgOtRZxWO,74
847,Incognito,On The Road - Danny Krivit Re-Edit,4dySrwPUUlqdX2g0tjS7FW,9
848,Sheff G,On Go (feat. Polo G),3Ho13bRS28xEvGvgW4LOFM,74
849,Incognito,Deep Waters - Japenese Live Version,0yuN8wPYbSYfGJddpH2A9F,10
850,42 Dugg,Maybach (feat. Future),2Qt8qG9SWPdtRiaWcPNJRm,72
851,Incognito,Pieces Of A Dream - Roger Sanchez Samba Sensation Mix,3Dh7NJAmcP3xB610QTLYcx,10
852,Polo G,No Return (with The Kid LAROI & Lil Durk),0XR5bQGuuPFcwFK5sgxTKY,59
853,Incognito,Still A Friend Of Mine - Gilles Peterson And Paul Martin's Singing Loud Remix,4FDrSy9JX9xARdbAJTq6CJ,10
854,J. Cole,i n t e r l u d e,08LwMWf5Tcfsd752EPzFV0,75
855,Incognito,Nights Over Egypt - MJ Cole Remix,1yI0plbWoEGoZS92UU4uRn,9
856,Polo G,RAPSTAR,3YZ5gPYspB2jNZ0KvUvv0m,58
857,Incognito,Labour Of Love - Japenese Live Version,6IWhQlgWRGAxDm4coGKKuH,11
858,Doja Cat,Need to Know,10hcDov7xmcRviA8jLwEaI,78
859,Incognito,She Rises In The East - Japenese Instrumental Live Version,4J0OjTHPbNXIBIlJhHztMz,11
860,TWICE,SCIENTIST,0BJMgVrnWIvgYsjq8KaPeh,82
861,Incognito,Always There - Japenese Live Version,2cnRveh8VDQU9LC0hv0Fve,11
862,ITZY,LOCO,5b8FtevTVz8xVF6E208xeV,84
863,Incognito,Dark Side Of The Cog,1R7ffaxHAMQrw63jzEEd5g,11
864,YBN Nahmir,Opp Stoppa (feat. 21 Savage),59fFsGRwFiuhxKDPc1k6xW,73
865,Incognito,After The Fall - Instrumental Version,6jI5vw6VGiYMxGrItusmkL,11
866,Polo G,Toxic,70Ym7f06cBGncWE4GEN8i8,57
867,Incognito,She Wears Black,7IKT8BuOTm7gIDbq2OeEF9,11
868,Juice WRLD,734,5ZLHRFq7oETYypnjDVkMJ9,0
869,Incognito,Jacob's Ladder - Nu Yorican Dub,6NGqlrUOI8r2XhMlaMupG7,9
870,Juice WRLD,Come & Go,3upplGrP115WcAp2tHB5Nk,0
871,Incognito,Get Into My Groove - Jazzanova Regroove,18iw07kAvVLoAEt8jQDyJH,10
872,Juice WRLD,Bad Boy,56Wu0BTTPfbCr4rC1Hxuo3,0
873,Incognito,Need To Know,7GahYdW6f7AHWyGGkaCFzs,11
874,Juice WRLD,Bad Boy,14FlF7R4fN0pF2jlt1pg23,0
875,Incognito,Everyday - Japenese Live Version,3xhXOecPsJkzELS0s0gt6O,10
876,Billie Eilish,I Didn't Change My Number,7bcy34fBT2ap1L4bfPsl9q,78
877,Incognito,L'Arc En Ciel De Miles,2DzJLJPjvUMoJZazNTzF43,11
878,Polo G,Epidemic,3XErT01GyoZlJNLOtND8K2,57
879,Incognito,Jacob's Ladder,4ID8vnHXXHqj5ooybgbcNl,11
880,Polo G,GANG GANG (with Lil Wayne),2fULrwNmq6FsePDzDjQiWV,56
881,Incognito,Don't You Worry 'Bout A Thing - Japenese Live Version,0BZbyknKTyXFhqnTLOW0eY,11
882,Polo G,Black Hearted,4RbBe83KrwxLTAHWwL8LnP,56
883,Incognito,Fearless - Instrumental Version,519T99Knmaxsx9AyKQKYfL,12
884,Polo G,Boom,114VJR5Hakg3ewWbYVyMRp,56
885,Incognito,I Can See The Future - Ski's Main Mix,1Uykw8yERld1Y18i3kmhw4,10
886,Riton,Friday (feat. Mufasa & Hypeman) - Dopamine Re-Edit,4cG7HUWYHBV6R6tHn1gxrl,88
887,Incognito,Still A Friend Of Mine - Japenese Live Version,7DejthuHMdF7DLiFfw9Y1J,10
888,NLE Choppa,Final Warning,3LVcKphzONOdQ2EATazlZq,73
889,WoT Music Team,New Year - Piano Version,5svOCiwPa0tapfeKgBG2dY,14
890,Drake,Fountains (with Tems),08XWh5c0BMyD1nKVxxl91z,77
891,Sabrina Carpenter,Christmas the Whole Year Round,0H2gNTxLgu4ogvLSeZv9Z4,7
892,Polo G,Broken Guitars (with Scorey),47ecV5OlZnCv26WtKmuteb,55
893,Cowboys & Aliens,Share The Goods - Live At Alcatraz 2021,6gLw6ZlfodV6MGjk3Fvdjz,7
894,Polo G,Go Part 1 (with G Herbo),1QIAtS4P0nuAIMLae1CS7n,55
895,FanMing BEO,Thousands of years of predestined,1wdRdvFpdXQh2y8xb1fNPJ,7
896,Brent Faiyaz,Wasting Time ( feat. Drake & The Neptunes ),48WidxP9CqyYtk97pwGZ3c,74
897,Incognito,Good Love - C.J. Mackintosh’s Dub / 2021 Mix,0Ngi5SfRjH0NeXFbWXGAfx,8
898,Money Man,LLC (feat. Moneybagg Yo),15OlC497ScJt9N2BS8lOev,72
899,Cowboys & Aliens,Ghost In My Speaker - Live At Alcatraz 2021,6gPjusYvNnygbWtdCu7nu1,5
900,Polo G,Heart of a Giant (with Rod Wave),3emIsfEQCf5Il2So2RBCH1,55
901,No Lungs,Sleepwalk My Years Away - Live,03RUjrFOP5NFRHgUs0tMpW,2
902,PinkPantheress,Pain,4S4QJfBGGrC8jRIjJHf1Ka,75
903,Dina Carroll,The Perfect Year - Radio Mix,2EOG5y6InOvXOUTb14uYiB,8
904,Young Dolph,Case Closed,3RvLAm0ESbUOUZOD7sF4xn,71
905,Rod Stewart,What Are You Doing New Year's Eve?,49o7pgjYoqqhaW7EBEpR90,6
906,Polo G,Party Lyfe (with DaBaby),32KsanItHBNLJe1SoCBfDs,55
907,Idina Menzel,The Most Wonderful Time Of The Year,2c1mUDEjsMVMwuv3ro2Ofj,8
908,WILLOW,t r a n s p a r e n t s o u l feat. Travis Barker,5JKnYZOhSP7rOK0jPYcCjV,75
909,Rod Stewart,What Are You Doing New Year's Eve?,7MEMsTmXGYTKrbkrTxf4EN,4
910,Polo G,Clueless (with Pop Smoke & Fivio Foreign),5L783xku60fpwcS7BY2pVG,55
911,Brook Benton,This Time Of The Year - Single Version,649N3x5FEW7pNj1m88j3xc,5
912,Polo G,Zooted Freestyle,7J1LJnXiuYduGw8m4j7Goj,54
913,Paul Anka,It's The Most Wonderful Time Of The Year,1GpetRfQ47U8iXby8LPnol,4
914,Polo G,Losses (with Young Thug),69M0k2cNLKnCLwaIgwzvzs,54
915,The Acoustic Guitar Force,It's the Most Wonderful Time of the Year (Instrumental Remix),7HEcQh2XX35fYjGjFGNnuv,0
916,Polo G,GNF (OKOKOK),1B9Su8GUJ7DETOKVLOOKWA,54
917,Years & Years,King,3FppgRzM3Jq6TGUQGCjsHk,6
918,Polo G,Fame & Riches (with Roddy Ricch),323HsST3AqiFwqWOmqseKi,55
919,Warrel Dane,A Very Good Year (feat. Jonny Smokes) - unplugged & live version,03C6bvm7BMlg7XwagLsWmU,7
920,KAROL G,EL MAKINON,2FSGUA0gFgGeQdprjtGM2M,83
921,Years & Years,Breathe,2GFwjSYUDVipOMB7IdzUtd,4
922,Polo G,So Real,3Lk1l46RRwFP3WeVDI08j5,54
923,MIKA,"Relax, Take It Easy",6XeXouPlZ5JF31KSQIwqu0,9
924,Rod Wave,Street Runner,5iMRhOHzze2CujxHiJ6cRL,71
925,UB40,I Got You Babe,1aDsuWE7XSqPmglgqoLJbq,6
926,Polo G,Bloody Canvas,79ayTDZK7fDD48183B5TdO,54
927,Lionel Richie,"Endless Love - From ""The Endless Love"" Soundtrack",0NUNLWbtBtGMZpPJSRAgyR,8
928,J Balvin,Una Nota,7iqOIHHEmu6Vhw25GgQ2eA,86
929,Taio Cruz,Dynamite,2vPkbHZwNkziaQZpXzlONU,8
930,Bo Burnham,Look Who’s Inside Again,7d8dqy6GbiUqotcTSs0jXg,75
931,Jonas Blue,Perfect Strangers,6ZYceVK2L5hcSCe4nkgOSC,7
932,J Balvin,Bonita,4YwwK4mXImUfj1E0ouG1cx,4
933,Surf Mesa,ily (i love you baby),2KzifLZt6quyasjwC2TpA2,7
934,J Balvin,In Da Getto,7hCWe7XDw0MPrmIm1bZHs6,0
935,The Harvard Krokodiloes,Stormy Weather,03Ml3nJNFIFebuWn2Eb7Zk,2
936,J Balvin,In Da Getto,4iqRfihyfiS3dnIWfLjpo0,0
937,Daddy Yankee,Con Calma,4N2CeC67cwYhrVJgSvGz1U,9
938,J Balvin,Poblado - Remix,361JJ5kqrwAeGzbY4Lkqx5,0
939,MEDUZA,Lose Control,5LF8WMvUb4vZwlQKjxFV7c,7
940,J Balvin,Negro,7FeQapYVOuOkjOuQs86I86,0
941,Lady Gaga,Bad Romance,1GsfVH8TtBVC3hRUH7We53,9
942,J Balvin,In Da Getto,4Buj4gyus5J8bTm0IycaS3,0
943,Avicii,SOS,78QWUNEQt3IrZKLEOMp3MK,8
944,J Balvin,In Da Getto,5v43LDthBzyORVGamRJwsQ,3
945,Kool & The Gang,Celebration,0Enw31eKZy56KF4G5ocqAQ,5
946,J Balvin,Ambiente,19vStFIPZ29FLkW9vmij7T,1
947,The Harvard Krokodiloes,Wayfaring Stranger,2lAfvZ4gGqZYERwZn9sIVr,1
948,J Balvin,Qué Más Pues?,4lZ2OR2ms9QzfOUidYTgd6,1
949,The Harvard Krokodiloes,Blue Moon,3TatD5e5QYS12FfxBaWGFJ,1
950,J Balvin,In Da Getto,612N1d59xHLObdSFmedOv1,0
951,Pat Benatar,Hit Me With Your Best Shot,6PYzp0h9elocTDoXYPAA7s,5
952,J Balvin,In Da Getto,1Hwq4fT3g3z25SlvGS2qku,0
953,Jonas Blue,Rise,3OOSuJnqH7IHVw00oRvUgX,8
954,J Balvin,Safari,5ls7P7zYLChOXQGZxl3fyz,0
955,Kool & The Gang,Celebration,0Enw31eKZy56KF4G5ocqAQ,5
956,J Balvin,Gris,4DfnRC1AY2T58MxTxZM43S,1
957,The Harvard Krokodiloes,Wayfaring Stranger,2lAfvZ4gGqZYERwZn9sIVr,1
958,J Balvin,Negro,18FXSdR5taqRKnDQa1yhkB,1
959,The Harvard Krokodiloes,Blue Moon,3TatD5e5QYS12FfxBaWGFJ,1
960,J Balvin,Qué Más Pues?,2dNpHxsBywRtUdorLcz8nS,0
961,Roxy Music,More Than This - Remastered/1999,1O4PYtHhtNi2RifdIHlcoY,6
962,J Balvin,QUE PRETENDES,71ZyRqMej9DWDQTM7HpDGH,0
963,The Harvard Krokodiloes,Masochism Tango,0N3FZRnSTcA0u05HKDBK4p,1
964,Yeat,Sorry Bout That,4VHkjPgAis9JNfc1URn7zZ,75
965,Spice Girls,Wannabe,6EzAsWWPqTpi9xbKzqDNIm,6
966,Rod Wave,Already Won (feat. Lil Durk),2wOnrN7fkzV4NsLqym2C6O,72
967,Gloria Gaynor,Never Can Say Goodbye - Single Version,7A60Ew3RsXciBya7U4Nl6T,7
968,iann dior,V12 (feat. Lil Uzi Vert),4ZUNw5tDBZTOqzPEVIYyOy,75
969,Oriental Music Zone,Beauty of the Lotus,6HnQswZhyzFCInNQaEY6FD,1
970,Polo G,For the Love of New York (with Nicki Minaj),4nXd7qhNe7wuHToPO9nLUO,53
971,Sublime,What I Got,5vnhAcFOt2ckIs9pKVsR4m,5
972,Summer Walker,Toxic (with Lil Durk),4blMQHONplzay3YkNIUlcn,74
973,The Harvard Krokodiloes,God Bless the Child,3wxK6Oz1bl0vvQ3ahi0j2L,1
974,Kali Uchis,fue mejor (feat. SZA),1CrPPsibP3uTc3DSI5vQC5,75
975,The Harvard Krokodiloes,Runaround Sue,48PfzdqhTtIMwLExkkxq2q,2
976,Dan + Shay,Steal My Love,0vzSAyinyA619ZbrOaAi04,73
977,twocolors,Lovefool,21GAjJuMSeqgKsFoYPabbb,6
978,Drake,Get Along Better,5ScbulRnixQ2XAdvrPMFjz,74
979,Toby Romeo,Where The Lights Are Low,1e0vDRq5yu9eqfKp32LKJ9,7
980,John Mayer,New Light,4T6FWA703h6H7zk1FoSARw,78
981,Katy Perry,Dark Horse,1ga7zU1bov21ajpYj4FCkP,12
982,Ed Sheeran,Merry Christmas,3bH2Eu9A9ymI4UnGHRmoXg,76
983,Katy Perry,I Kissed A Girl,5AAvGVY8QKkuuEXEF9Cuax,9
984,Lil Baby,Real As It Gets (feat. EST Gee),7eX3um6NpOQKWJMGCi97XD,73
985,Barry White,"Can't Get Enough Of Your Love, Babe",4ImKINxoJNrkqfGImtTk52,6
986,Eslabon Armado,Cuando Tú Me Miras,5kItv0UayV5g4Xs9FMshDR,73
987,Lenny Kravitz,Are You Gonna Go My Way,2T4iJOSFQnRpmPSAZ4O0fB,4
988,Summer Walker,4th Baby Mama,3WSBP6JEf4Y2aKD2swQ8AG,74
989,Don Henley,The Boys Of Summer,4nPxE2r7txVefcVPGmL198,6
990,STAYC,STEREOTYPE,2bZIDMpzVooosmPHn0tHnd,79
991,The Harvard Krokodiloes,The Lady is a Tramp,2axQIZzOe1sY5qeXtBoT53,1
992,Dylan Scott,New Truck,4MDYIbU6I29Gjiu7JATTIJ,71
993,Sublime,Santeria,5gSu3pnoNtT431Wsgnui7i,7
994,Lovejoy,The Fall,4HAKeNeh6pY1y0uHyrUyUU,76
995,Florence + The Machine,Dog Days Are Over,4tgYdBU8IEmZwU9mAs6du1,7
996,Shawn Mendes,It'll Be Okay,2KnLkZ3z7PO3kgVGHGqDpD,79
997,Tears For Fears,Everybody Wants To Rule The World,4qyMZZIKE7Qka9hrnE0ikK,8
998,Chase Matthew,County Line,1V8LJmUEAleAHmBUaD0ZFI,71
999,R.E.M.,Man On The Moon,5tw3Q1rAkiVN8wh0Ie9aWq,6
